DateKey;mouth;year;day
20000730;7;2000;30
20000808;8;2000;8
20151024;10;2015;24
20110527;5;2011;27
20010410;4;2001;10
19991214;12;1999;14
20000726;7;2000;26
20000725;7;2000;25
20010409;4;2001;9
19991213;12;1999;13
19991219;12;1999;19
20000728;7;2000;28
20011205;12;2001;5
19961108;11;1996;8
19961017;10;1996;17
20050125;1;2005;25
20050126;1;2005;26
20050131;1;2005;31
20050415;4;2005;15
20061025;10;2006;25
20050315;3;2005;15
20050302;3;2005;2
20060911;9;2006;11
20070305;3;2007;5
20050204;2;2005;4
20050217;2;2005;17
20050606;6;2005;6
20050314;3;2005;14
20050726;7;2005;26
20050307;3;2005;7
20050323;3;2005;23
20050413;4;2005;13
20050802;8;2005;2
20051005;10;2005;5
20050520;5;2005;20
20050711;7;2005;11
20050831;8;2005;31
20061030;10;2006;30
20060606;6;2006;6
20060412;4;2006;12
20060901;9;2006;1
20060926;9;2006;26
20070125;1;2007;25
20070319;3;2007;19
20061211;12;2006;11
20070410;4;2007;10
19960808;8;1996;8
20030207;2;2003;7
20160212;2;2016;12
20160213;2;2016;13
20160216;2;2016;16
19980803;8;1998;3
19980723;7;1998;23
19980830;8;1998;30
20090711;7;2009;11
20010422;4;2001;22
20010416;4;2001;16
19960622;6;1996;22
20171113;11;2017;13
20110306;3;2011;6
20130826;8;2013;26
20110518;5;2011;18
20110605;6;2011;5
20120119;1;2012;19
20111130;11;2011;30
20160211;2;2016;11
20160408;4;2016;8
20160422;4;2016;22
20160209;2;2016;9
20160217;2;2016;17
20160321;3;2016;21
20160301;3;2016;1
20160215;2;2016;15
20160501;5;2016;1
20160406;4;2016;6
20161025;10;2016;25
20160229;2;2016;29
20170908;9;2017;8
20160401;4;2016;1
20160302;3;2016;2
20160410;4;2016;10
20180201;2;2018;1
20160210;2;2016;10
20160908;9;2016;8
20170816;8;2017;16
20180203;2;2018;3
20170122;1;2017;22
20160218;2;2016;18
20170817;8;2017;17
20160310;3;2016;10
20160225;2;2016;25
20161019;10;2016;19
20160330;3;2016;30
20161018;10;2016;18
20160609;6;2016;9
20160228;2;2016;28
20160322;3;2016;22
20171209;12;2017;9
20160604;6;2016;4
20160603;6;2016;3
20160927;9;2016;27
20160227;2;2016;27
20161013;10;2016;13
20160307;3;2016;7
20170906;9;2017;6
20170211;2;2017;11
20160303;3;2016;3
20180115;1;2018;15
20170722;7;2017;22
20180811;8;2018;11
20170212;2;2017;12
20171125;11;2017;25
20170421;4;2017;21
20160626;6;2016;26
20170124;1;2017;24
20180512;5;2018;12
20160801;8;2016;1
20170129;1;2017;29
20160308;3;2016;8
20180318;3;2018;18
20180317;3;2018;17
20160731;7;2016;31
20161221;12;2016;21
20170720;7;2017;20
20160930;9;2016;30
20170202;2;2017;2
20161108;11;2016;8
20161105;11;2016;5
20160519;5;2016;19
20160520;5;2016;20
20160405;4;2016;5
20160802;8;2016;2
20160718;7;2016;18
20171118;11;2017;18
20170317;3;2017;17
20180316;3;2018;16
20180109;1;2018;9
20170709;7;2017;9
20160904;9;2016;4
20160606;6;2016;6
20171215;12;2017;15
20160813;8;2016;13
20161026;10;2016;26
20170101;1;2017;1
20160619;6;2016;19
20160413;4;2016;13
20171117;11;2017;17
20160712;7;2016;12
20160729;7;2016;29
20161030;10;2016;30
20161102;11;2016;2
20170209;2;2017;9
20160621;6;2016;21
20170111;1;2017;11
20160309;3;2016;9
20170504;5;2017;4
20171126;11;2017;26
20170425;4;2017;25
20180820;8;2018;20
20170808;8;2017;8
20170917;9;2017;17
20171212;12;2017;12
20180819;8;2018;19
20171119;11;2017;19
20030527;5;2003;27
20030528;5;2003;28
20140809;8;2014;9
20141228;12;2014;28
20140622;6;2014;22
20130818;8;2013;18
20141217;12;2014;17
20141130;11;2014;30
20150715;7;2015;15
20141208;12;2014;8
20160106;1;2016;6
20140624;6;2014;24
20141010;10;2014;10
20150208;2;2015;8
20150411;4;2015;11
20141218;12;2014;18
20160710;7;2016;10
20141219;12;2014;19
20150904;9;2015;4
20150909;9;2015;9
20150328;3;2015;28
20150117;1;2015;17
20141011;10;2014;11
20150816;8;2015;16
20170102;1;2017;2
20100311;3;2010;11
20100316;3;2010;16
20050202;2;2005;2
20050218;2;2005;18
20160325;3;2016;25
20160326;3;2016;26
20180828;8;2018;28
19960710;7;1996;10
20000704;7;2000;4
20000801;8;2000;1
20090214;2;2009;14
20090514;5;2009;14
20090211;2;2009;11
20090302;3;2009;2
20090213;2;2009;13
20090511;5;2009;11
20100620;6;2010;20
20090512;5;2009;12
20090601;6;2009;1
20090427;4;2009;27
20090228;2;2009;28
20090420;4;2009;20
20090306;3;2009;6
20090321;3;2009;21
20090305;3;2009;5
20090217;2;2009;17
20090521;5;2009;21
20110614;6;2011;14
20130228;2;2013;28
20110612;6;2011;12
20110716;7;2011;16
20110613;6;2011;13
20140720;7;2014;20
20110906;9;2011;6
20110728;7;2011;28
20110626;6;2011;26
20110615;6;2011;15
20110702;7;2011;2
20170718;7;2017;18
19961213;12;1996;13
19970102;1;1997;2
19970223;2;1997;23
19991011;10;1999;11
19991012;10;1999;12
19991020;10;1999;20
20061028;10;2006;28
20061119;11;2006;19
20061218;12;2006;18
20070114;1;2007;14
19960501;5;1996;1
20041118;11;2004;18
19961013;10;1996;13
19961021;10;1996;21
19960829;8;1996;29
20001121;11;2000;21
19960514;5;1996;14
20010727;7;2001;27
19961126;11;1996;26
19970718;7;1997;18
19980522;5;1998;22
20000221;2;2000;21
20000529;5;2000;29
20050719;7;2005;19
20040731;7;2004;31
20000228;2;2000;28
20020507;5;2002;7
20000216;2;2000;16
20011204;12;2001;4
20011210;12;2001;10
20021011;10;2002;11
20011226;12;2001;26
20020514;5;2002;14
20000322;3;2000;22
20030630;6;2003;30
20020605;6;2002;5
20021022;10;2002;22
20071025;10;2007;25
19960614;6;1996;14
20170531;5;2017;31
20050919;9;2005;19
20171225;12;2017;25
20180414;4;2018;14
20180813;8;2018;13
20180104;1;2018;4
20180220;2;2018;20
20180528;5;2018;28
20180514;5;2018;14
20180523;5;2018;23
20180527;5;2018;27
20180531;5;2018;31
20180913;9;2018;13
20180207;2;2018;7
20180406;4;2018;6
20180526;5;2018;26
20180129;1;2018;29
20180803;8;2018;3
20180102;1;2018;2
20180101;1;2018;1
20180209;2;2018;9
20180503;5;2018;3
20180330;3;2018;30
20180131;1;2018;31
20171228;12;2017;28
20180415;4;2018;15
20180621;6;2018;21
20180206;2;2018;6
20170721;7;2017;21
20180118;1;2018;18
20180110;1;2018;10
20180426;4;2018;26
20090102;1;2009;2
20090104;1;2009;4
20160709;7;2016;9
20090322;3;2009;22
19960423;4;1996;23
19960813;8;1996;13
20110807;8;2011;7
19960626;6;1996;26
20000809;8;2000;9
20001022;10;2000;22
20000924;9;2000;24
19961111;11;1996;11
20000321;3;2000;21
20140227;2;2014;27
20140228;2;2014;28
20060420;4;2006;20
20180613;6;2018;13
20180328;3;2018;28
20180319;3;2018;19
20180323;3;2018;23
20180506;5;2018;6
20180911;9;2018;11
20180407;4;2018;7
20180412;4;2018;12
20180324;3;2018;24
20180430;4;2018;30
20180403;4;2018;3
20180501;5;2018;1
20180630;6;2018;30
20180505;5;2018;5
20180513;5;2018;13
20180727;7;2018;27
20180509;5;2018;9
20180517;5;2018;17
20180329;3;2018;29
20180331;3;2018;31
20180522;5;2018;22
20180614;6;2018;14
20180401;4;2018;1
20180525;5;2018;25
20180623;6;2018;23
20180326;3;2018;26
20180419;4;2018;19
20180428;4;2018;28
20180701;7;2018;1
20180605;6;2018;5
20180511;5;2018;11
20180508;5;2018;8
20180603;6;2018;3
20180510;5;2018;10
20150925;9;2015;25
20150927;9;2015;27
20151001;10;2015;1
20150926;9;2015;26
20150928;9;2015;28
20061022;10;2006;22
20061023;10;2006;23
20170514;5;2017;14
20170515;5;2017;15
20050102;1;2005;2
20050411;4;2005;11
20040822;8;2004;22
20041031;10;2004;31
20040829;8;2004;29
20041015;10;2004;15
20050404;4;2005;4
20070625;6;2007;25
20170728;7;2017;28
20060918;9;2006;18
20081228;12;2008;28
20180729;7;2018;29
20100320;3;2010;20
20091224;12;2009;24
20110520;5;2011;20
20090419;4;2009;19
20070604;6;2007;4
20100418;4;2010;18
20100317;3;2010;17
20100608;6;2010;8
20091217;12;2009;17
20090912;9;2009;12
20090131;1;2009;31
20120324;3;2012;24
20121111;11;2012;11
20110511;5;2011;11
20080421;4;2008;21
20121212;12;2012;12
20080814;8;2008;14
20111003;10;2011;3
20100315;3;2010;15
20110918;9;2011;18
20061217;12;2006;17
20090927;9;2009;27
20071224;12;2007;24
20100227;2;2010;27
20130127;1;2013;27
20101228;12;2010;28
20090216;2;2009;16
20130322;3;2013;22
20120116;1;2012;16
20110509;5;2011;9
20100908;9;2010;8
20101210;12;2010;10
20120828;8;2012;28
20120510;5;2012;10
20120624;6;2012;24
20101201;12;2010;1
20100502;5;2010;2
20100514;5;2010;14
20110617;6;2011;17
20130102;1;2013;2
20110503;5;2011;3
20110531;5;2011;31
20111031;10;2011;31
20111001;10;2011;1
20110710;7;2011;10
20110818;8;2011;18
20120802;8;2012;2
20111122;11;2011;22
20121027;10;2012;27
20120714;7;2012;14
20130221;2;2013;21
20130630;6;2013;30
20130704;7;2013;4
20180529;5;2018;29
20020517;5;2002;17
20121211;12;2012;11
19970527;5;1997;27
20080729;7;2008;29
20160525;5;2016;25
20160526;5;2016;26
20080406;4;2008;6
20060923;9;2006;23
20150810;8;2015;10
20180824;8;2018;24
20090910;9;2009;10
20001127;11;2000;27
20130824;8;2013;24
20130825;8;2013;25
19961014;10;1996;14
20040513;5;2004;13
20040514;5;2004;14
20040517;5;2004;17
20040519;5;2004;19
20120327;3;2012;27
20120408;4;2012;8
20120330;3;2012;30
20120412;4;2012;12
20120331;3;2012;31
20120407;4;2012;7
19970319;3;1997;19
19970306;3;1997;6
19970407;4;1997;7
19980309;3;1998;9
20120804;8;2012;4
20120803;8;2012;3
20120805;8;2012;5
20120806;8;2012;6
20100408;4;2010;8
20110127;1;2011;27
20120311;3;2012;11
20120310;3;2012;10
20180307;3;2018;7
19970219;2;1997;19
20050405;4;2005;5
20110113;1;2011;13
19991116;11;1999;16
19991118;11;1999;18
19960922;9;1996;22
20030123;1;2003;23
20050111;1;2005;11
20030208;2;2003;8
20031219;12;2003;19
20030323;3;2003;23
20031123;11;2003;23
20030517;5;2003;17
20030126;1;2003;26
20030312;3;2003;12
20030124;1;2003;24
20180724;7;2018;24
19960418;4;1996;18
20041111;11;2004;11
20041112;11;2004;12
20000908;9;2000;8
19960821;8;1996;21
19960627;6;1996;27
20150518;5;2015;18
20151224;12;2015;24
20180327;3;2018;27
20150520;5;2015;20
20161027;10;2016;27
20150828;8;2015;28
20151129;11;2015;29
20150831;8;2015;31
20050429;4;2005;29
20030325;3;2003;25
20030331;3;2003;31
20030519;5;2003;19
20030327;3;2003;27
20040723;7;2004;23
20030330;3;2003;30
20050311;3;2005;11
20060104;1;2006;4
20030615;6;2003;15
20060428;4;2006;28
20090327;3;2009;27
20041023;10;2004;23
20050409;4;2005;9
20101218;12;2010;18
20030401;4;2003;1
20101231;12;2010;31
20110107;1;2011;7
20030402;4;2003;2
20091101;11;2009;1
20030621;6;2003;21
20061024;10;2006;24
20030411;4;2003;11
20030426;4;2003;26
20040322;3;2004;22
20121226;12;2012;26
20061207;12;2006;7
20050506;5;2005;6
20041122;11;2004;22
20040229;2;2004;29
20050804;8;2005;4
20030903;9;2003;3
20120817;8;2012;17
20031007;10;2003;7
20130822;8;2013;22
20111229;12;2011;29
20030820;8;2003;20
20110327;3;2011;27
20040917;9;2004;17
20040423;4;2004;23
20141117;11;2014;17
20051014;10;2005;14
20031218;12;2003;18
20030417;4;2003;17
20040620;6;2004;20
20130614;6;2013;14
20070906;9;2007;6
20110302;3;2011;2
20040216;2;2004;16
20031115;11;2003;15
20030809;8;2003;9
20121215;12;2012;15
20110104;1;2011;4
20040124;1;2004;24
20090708;7;2009;8
20080112;1;2008;12
20120516;5;2012;16
20041006;10;2004;6
20080314;3;2008;14
20051105;11;2005;5
20090329;3;2009;29
20110108;1;2011;8
20090105;1;2009;5
20130107;1;2013;7
20051029;10;2005;29
20080828;8;2008;28
20101219;12;2010;19
20061212;12;2006;12
20110102;1;2011;2
20120107;1;2012;7
20110109;1;2011;9
20071029;10;2007;29
20110303;3;2011;3
20071230;12;2007;30
20110820;8;2011;20
20121217;12;2012;17
20130110;1;2013;10
20140927;9;2014;27
20120325;3;2012;25
20121026;10;2012;26
20110101;1;2011;1
20121112;11;2012;12
20120105;1;2012;5
20120914;9;2012;14
20151106;11;2015;6
20151105;11;2015;5
20151103;11;2015;3
20151104;11;2015;4
20151115;11;2015;15
20151122;11;2015;22
20151127;11;2015;27
20151113;11;2015;13
20151114;11;2015;14
20160615;6;2016;15
20151128;11;2015;28
20151120;11;2015;20
20170314;3;2017;14
20160701;7;2016;1
20170120;1;2017;20
20160703;7;2016;3
19960412;4;1996;12
19960513;5;1996;13
20030117;1;2003;17
19960827;8;1996;27
19960909;9;1996;9
19960915;9;1996;15
19960828;8;1996;28
19960902;9;1996;2
19960930;9;1996;30
19960830;8;1996;30
20070331;3;2007;31
20180214;2;2018;14
20180117;1;2018;17
20180116;1;2018;16
20180215;2;2018;15
20180217;2;2018;17
20180216;2;2018;16
20180120;1;2018;20
20180223;2;2018;23
20180222;2;2018;22
20180127;1;2018;27
20150918;9;2015;18
20171223;12;2017;23
20151012;10;2015;12
20010121;1;2001;21
20010124;1;2001;24
20170126;1;2017;26
20001005;10;2000;5
20000517;5;2000;17
20000508;5;2000;8
20000506;5;2000;6
20000531;5;2000;31
19991212;12;1999;12
19991211;12;1999;11
20001006;10;2000;6
20000119;1;2000;19
20000822;8;2000;22
20000129;1;2000;29
20000804;8;2000;4
20001223;12;2000;23
20000717;7;2000;17
20001001;10;2000;1
20000416;4;2000;16
19991216;12;1999;16
20000515;5;2000;15
20000716;7;2000;16
19961001;10;1996;1
20150703;7;2015;3
20150710;7;2015;10
20160713;7;2016;13
20150725;7;2015;25
20150802;8;2015;2
20151002;10;2015;2
20150801;8;2015;1
20150809;8;2015;9
20150704;7;2015;4
20150829;8;2015;29
20160214;2;2016;14
20170913;9;2017;13
20170910;9;2017;10
20151116;11;2015;16
20151219;12;2015;19
20160124;1;2016;24
20150724;7;2015;24
20150726;7;2015;26
20150705;7;2015;5
20151230;12;2015;30
20150921;9;2015;21
20150808;8;2015;8
20160328;3;2016;28
20150813;8;2015;13
20160125;1;2016;25
20150905;9;2015;5
20150913;9;2015;13
20151206;12;2015;6
20150731;7;2015;31
20160522;5;2016;22
20151220;12;2015;20
20150822;8;2015;22
20151026;10;2015;26
20150919;9;2015;19
20150817;8;2015;17
20170702;7;2017;2
19970403;4;1997;3
19961110;11;1996;10
20160425;4;2016;25
20151112;11;2015;12
20151111;11;2015;11
20151124;11;2015;24
20120509;5;2012;9
20120507;5;2012;7
20160919;9;2016;19
20160921;9;2016;21
20160917;9;2016;17
20160923;9;2016;23
20160920;9;2016;20
20160922;9;2016;22
20161010;10;2016;10
20161002;10;2016;2
20171008;10;2017;8
20160929;9;2016;29
20161007;10;2016;7
20161003;10;2016;3
20161210;12;2016;10
20161203;12;2016;3
20161012;10;2016;12
20170127;1;2017;27
20161103;11;2016;3
20171219;12;2017;19
20161009;10;2016;9
20170128;1;2017;28
20160925;9;2016;25
20170308;3;2017;8
20161001;10;2016;1
20161211;12;2016;11
20170105;1;2017;5
20161005;10;2016;5
20170524;5;2017;24
20171220;12;2017;20
20100115;1;2010;15
19980628;6;1998;28
20061229;12;2006;29
19960520;5;1996;20
20121010;10;2012;10
20060910;9;2006;10
20120223;2;2012;23
20060928;9;2006;28
20070326;3;2007;26
20061110;11;2006;10
20061127;11;2006;27
19960923;9;1996;23
19960523;5;1996;23
20011230;12;2001;30
19960518;5;1996;18
20080307;3;2008;7
20080929;9;2008;29
20160127;1;2016;27
20040526;5;2004;26
19991117;11;1999;17
20000204;2;2000;4
20000823;8;2000;23
20030608;6;2003;8
20020917;9;2002;17
20001109;11;2000;9
20020520;5;2002;20
20000202;2;2000;2
20020828;8;2002;28
20020503;5;2002;3
20000303;3;2000;3
20011219;12;2001;19
20031105;11;2003;5
20000224;2;2000;24
20020131;1;2002;31
20040401;4;2004;1
20050602;6;2005;2
20070531;5;2007;31
20050505;5;2005;5
20020614;6;2002;14
20001221;12;2000;21
20010622;6;2001;22
20000104;1;2000;4
20021023;10;2002;23
20070223;2;2007;23
20020111;1;2002;11
20060714;7;2006;14
20040126;1;2004;26
20011026;10;2001;26
19991206;12;1999;6
20011109;11;2001;9
20040511;5;2004;11
20000105;1;2000;5
20000407;4;2000;7
20020213;2;2002;13
20011130;11;2001;30
20020220;2;2002;20
20011025;10;2001;25
20001103;11;2000;3
20020513;5;2002;13
20010816;8;2001;16
20000609;6;2000;9
20010125;1;2001;25
20040316;3;2004;16
20010919;9;2001;19
20010206;2;2001;6
20010323;3;2001;23
20010904;9;2001;4
20020508;5;2002;8
20011213;12;2001;13
20010601;6;2001;1
20021210;12;2002;10
20020411;4;2002;11
20020730;7;2002;30
20021104;11;2002;4
20030618;6;2003;18
20020909;9;2002;9
20021111;11;2002;11
20021004;10;2002;4
20061220;12;2006;20
20020306;3;2002;6
20030205;2;2003;5
20030716;7;2003;16
20021125;11;2002;25
20030808;8;2003;8
20020621;6;2002;21
20060825;8;2006;25
20040325;3;2004;25
20030322;3;2003;22
20031217;12;2003;17
20040615;6;2004;15
20041004;10;2004;4
20060425;4;2006;25
20050909;9;2005;9
20050823;8;2005;23
20050712;7;2005;12
20061013;10;2006;13
20070802;8;2007;2
20171213;12;2017;13
19960801;8;1996;1
20151013;10;2015;13
20151015;10;2015;15
20060115;1;2006;15
20060109;1;2006;9
20110805;8;2011;5
20080217;2;2008;17
20161224;12;2016;24
19980802;8;1998;2
19970125;1;1997;25
19970214;2;1997;14
20151223;12;2015;23
20170205;2;2017;5
20000624;6;2000;24
20000625;6;2000;25
20000810;8;2000;10
20000718;7;2000;18
20050127;1;2005;27
20000102;1;2000;2
19991014;10;1999;14
19991013;10;1999;13
19991015;10;1999;15
19991019;10;1999;19
19991106;11;1999;6
20050128;1;2005;28
20000610;6;2000;10
20010519;5;2001;19
20000130;1;2000;30
20000320;3;2000;20
20001014;10;2000;14
20050226;2;2005;26
20010614;6;2001;14
20101126;11;2010;26
20171022;10;2017;22
20001009;10;2000;9
20001015;10;2000;15
20001010;10;2000;10
20001013;10;2000;13
20010528;5;2001;28
20001214;12;2000;14
20001203;12;2000;3
20031012;10;2003;12
20030717;7;2003;17
20010626;6;2001;26
20040225;2;2004;25
20001218;12;2000;18
20010204;2;2001;4
20010403;4;2001;3
20001117;11;2000;17
20001201;12;2000;1
20010607;6;2001;7
20011218;12;2001;18
20010822;8;2001;22
20010518;5;2001;18
20011017;10;2001;17
20010413;4;2001;13
20040226;2;2004;26
20070416;4;2007;16
20070413;4;2007;13
19960706;7;1996;6
19960704;7;1996;4
19960705;7;1996;5
19980503;5;1998;3
20010905;9;2001;5
20030304;3;2003;4
20070917;9;2007;17
20070926;9;2007;26
20070903;9;2007;3
20070904;9;2007;4
20070925;9;2007;25
20060804;8;2006;4
20070425;4;2007;25
20030728;7;2003;28
20040303;3;2004;3
20031201;12;2003;1
20040528;5;2004;28
20040315;3;2004;15
20030729;7;2003;29
20040104;1;2004;4
20040417;4;2004;17
20040813;8;2004;13
19960819;8;1996;19
19960818;8;1996;18
19970621;6;1997;21
20090403;4;2009;3
20101129;11;2010;29
20101128;11;2010;28
19961120;11;1996;20
20090209;2;2009;9
19960815;8;1996;15
20150629;6;2015;29
20150628;6;2015;28
20150701;7;2015;1
20150702;7;2015;2
20151210;12;2015;10
20061124;11;2006;24
20061116;11;2006;16
19970101;1;1997;1
19960824;8;1996;24
20100402;4;2010;2
19961016;10;1996;16
20030911;9;2003;11
20030605;6;2003;5
20031018;10;2003;18
20030609;6;2003;9
20030915;9;2003;15
20040203;2;2004;3
20050709;7;2005;9
20031124;11;2003;24
20050912;9;2005;12
20031013;10;2003;13
20030706;7;2003;6
20031016;10;2003;16
20030928;9;2003;28
20040218;2;2004;18
20050920;9;2005;20
20040106;1;2004;6
20031020;10;2003;20
20031014;10;2003;14
20030918;9;2003;18
20031025;10;2003;25
20030924;9;2003;24
20040204;2;2004;4
20030921;9;2003;21
20031130;11;2003;30
20040224;2;2004;24
20040905;9;2004;5
20040215;2;2004;15
20030916;9;2003;16
20030719;7;2003;19
20031009;10;2003;9
20050913;9;2005;13
20040219;2;2004;19
20040210;2;2004;10
20040521;5;2004;21
20030920;9;2003;20
20050522;5;2005;22
20031103;11;2003;3
20040302;3;2004;2
20040202;2;2004;2
20040720;7;2004;20
20040806;8;2004;6
20060502;5;2006;2
20010612;6;2001;12
20180916;9;2018;16
20030203;2;2003;3
20030204;2;2003;4
20020903;9;2002;3
20061026;10;2006;26
20070527;5;2007;27
20070601;6;2007;1
20061027;10;2006;27
20000702;7;2000;2
20170902;9;2017;2
19960417;4;1996;17
19960618;6;1996;18
20050308;3;2005;8
20001120;11;2000;20
20011217;12;2001;17
20010118;1;2001;18
20010704;7;2001;4
20020203;2;2002;3
20010114;1;2001;14
20010813;8;2001;13
20010807;8;2001;7
20001123;11;2000;23
20010702;7;2001;2
20010212;2;2001;12
20020128;1;2002;28
20010815;8;2001;15
20010808;8;2001;8
20001130;11;2000;30
20001229;12;2000;29
20010108;1;2001;8
20020124;1;2002;24
20010111;1;2001;11
20011011;10;2001;11
20010415;4;2001;15
20011231;12;2001;31
20010726;7;2001;26
20020405;4;2002;5
20010831;8;2001;31
20160418;4;2016;18
20000110;1;2000;10
20021009;10;2002;9
20021010;10;2002;10
20021213;12;2002;13
20030707;7;2003;7
19991022;10;1999;22
20020523;5;2002;23
19991030;10;1999;30
20030807;8;2003;7
20020602;6;2002;2
20020609;6;2002;9
20040904;9;2004;4
20050114;1;2005;14
20040613;6;2004;13
20020624;6;2002;24
20050906;9;2005;6
20020622;6;2002;22
19991230;12;1999;30
20091221;12;2009;21
20140528;5;2014;28
20031211;12;2003;11
20050619;6;2005;19
20031209;12;2003;9
19991031;10;1999;31
20040916;9;2004;16
20030819;8;2003;19
19991127;11;1999;27
20000409;4;2000;9
19991226;12;1999;26
20000327;3;2000;27
20000415;4;2000;15
20010715;7;2001;15
20050818;8;2005;18
20040113;1;2004;13
20001208;12;2000;8
20020407;4;2002;7
20020512;5;2002;12
20020429;4;2002;29
20050112;1;2005;12
19991102;11;1999;2
20041130;11;2004;30
20020526;5;2002;26
20030927;9;2003;27
20000116;1;2000;16
20000226;2;2000;26
20041127;11;2004;27
20020615;6;2002;15
20000305;3;2000;5
20010113;1;2001;13
20000530;5;2000;30
20020414;4;2002;14
20020620;6;2002;20
20020623;6;2002;23
20020528;5;2002;28
20020706;7;2002;6
20040421;4;2004;21
20020714;7;2002;14
20050109;1;2005;9
20051128;11;2005;28
20041121;11;2004;21
20041107;11;2004;7
20020824;8;2002;24
20040801;8;2004;1
20030501;5;2003;1
20050807;8;2005;7
20041205;12;2004;5
20031109;11;2003;9
20030824;8;2003;24
20050508;5;2005;8
20041129;11;2004;29
20040907;9;2004;7
20050412;4;2005;12
20050425;4;2005;25
20050416;4;2005;16
20080420;4;2008;20
20081221;12;2008;21
19991006;10;1999;6
19991029;10;1999;29
19991018;10;1999;18
20001122;11;2000;22
20140119;1;2014;19
20120121;1;2012;21
20180301;3;2018;1
20180304;3;2018;4
20180303;3;2018;3
19961216;12;1996;16
20091118;11;2009;18
19991023;10;1999;23
20180424;4;2018;24
20180425;4;2018;25
20160912;9;2016;12
20160914;9;2016;14
20180128;1;2018;28
20161004;10;2016;4
20171222;12;2017;22
20161201;12;2016;1
20180609;6;2018;9
20180601;6;2018;1
20161202;12;2016;2
20180610;6;2018;10
20180807;8;2018;7
20160915;9;2016;15
20180808;8;2018;8
20180922;9;2018;22
20180608;6;2018;8
20121022;10;2012;22
20170914;9;2017;14
20170321;3;2017;21
20180408;4;2018;8
20170322;3;2017;22
20170626;6;2017;26
20170724;7;2017;24
20180723;7;2018;23
20171205;12;2017;5
20170826;8;2017;26
20110916;9;2011;16
19970122;1;1997;22
20091215;12;2009;15
20001126;11;2000;26
20010214;2;2001;14
20000417;4;2000;17
20000420;4;2000;20
20050324;3;2005;24
20071110;11;2007;10
20071111;11;2007;11
20071227;12;2007;27
20071113;11;2007;13
20080106;1;2008;6
20071118;11;2007;18
20080122;1;2008;22
20071112;11;2007;12
20071122;11;2007;22
20090316;3;2009;16
20071117;11;2007;17
20071124;11;2007;24
20080117;1;2008;17
20080808;8;2008;8
20071228;12;2007;28
20080730;7;2008;30
20080621;6;2008;21
20071229;12;2007;29
20071201;12;2007;1
20080323;3;2008;23
20080226;2;2008;26
20080101;1;2008;1
20080514;5;2008;14
20080913;9;2008;13
20081026;10;2008;26
20081223;12;2008;23
20081226;12;2008;26
20090508;5;2009;8
20090117;1;2009;17
20091109;11;2009;9
20090224;2;2009;24
20081224;12;2008;24
20090610;6;2009;10
20090502;5;2009;2
20081231;12;2008;31
20090331;3;2009;31
20090604;6;2009;4
20090627;6;2009;27
20090325;3;2009;25
20091124;11;2009;24
20100219;2;2010;19
20090308;3;2009;8
20090703;7;2009;3
20090101;1;2009;1
20081230;12;2008;30
20090624;6;2009;24
20090422;4;2009;22
20090410;4;2009;10
20090428;4;2009;28
20090401;4;2009;1
20050318;3;2005;18
20050628;6;2005;28
20050608;6;2005;8
20050714;7;2005;14
20140202;2;2014;2
20081109;11;2008;9
20001017;10;2000;17
20040920;9;2004;20
20061005;10;2006;5
20050430;4;2005;30
20040929;9;2004;29
20070221;2;2007;21
20041012;10;2004;12
20051024;10;2005;24
20041123;11;2004;23
20060925;9;2006;25
20061129;11;2006;29
20051115;11;2005;15
20061128;11;2006;28
20041105;11;2004;5
20040921;9;2004;21
20071128;11;2007;28
20060927;9;2006;27
20080124;1;2008;24
20050514;5;2005;14
20080218;2;2008;18
20060210;2;2006;10
20061214;12;2006;14
20061102;11;2006;2
20041021;10;2004;21
20080224;2;2008;24
20070220;2;2007;20
20060929;9;2006;29
20041208;12;2004;8
20061104;11;2006;4
20061031;10;2006;31
20061017;10;2006;17
20070310;3;2007;10
20071217;12;2007;17
20080609;6;2008;9
20070302;3;2007;2
20070922;9;2007;22
20071023;10;2007;23
20071107;11;2007;7
20071231;12;2007;31
20080104;1;2008;4
20080528;5;2008;28
20151110;11;2015;10
20130314;3;2013;14
19960723;7;1996;23
19960709;7;1996;9
20071129;11;2007;29
20150531;5;2015;31
20040524;5;2004;24
20070627;6;2007;27
20090509;5;2009;9
20041125;11;2004;25
20050721;7;2005;21
20040220;2;2004;20
20080811;8;2008;11
20080121;1;2008;21
20060122;1;2006;22
20080827;8;2008;27
20051230;12;2005;30
20060308;3;2006;8
20100711;7;2010;11
20071018;10;2007;18
20061210;12;2006;10
20080731;7;2008;31
20040310;3;2004;10
20100830;8;2010;30
20080630;6;2008;30
20080331;3;2008;31
20070101;1;2007;1
20070218;2;2007;18
20071108;11;2007;8
20061108;11;2006;8
20051227;12;2005;27
20070711;7;2007;11
20050428;4;2005;28
20070104;1;2007;4
20080708;7;2008;8
20080403;4;2008;3
20040812;8;2004;12
20041206;12;2004;6
20070602;6;2007;2
20090518;5;2009;18
20040305;3;2004;5
20040319;3;2004;19
20040530;5;2004;30
20050321;3;2005;21
20050213;2;2005;13
20060904;9;2006;4
20040428;4;2004;28
20080404;4;2008;4
20050123;1;2005;23
20090710;7;2009;10
20100503;5;2010;3
20060205;2;2006;5
20060426;4;2006;26
20050715;7;2005;15
20080611;6;2008;11
20050703;7;2005;3
20060410;4;2006;10
20070628;6;2007;28
20051113;11;2005;13
20050621;6;2005;21
20051202;12;2005;2
20050911;9;2005;11
20060920;9;2006;20
20060514;5;2006;14
20061227;12;2006;27
20060903;9;2006;3
20060611;6;2006;11
20070504;5;2007;4
20070225;2;2007;25
20070208;2;2007;8
20061224;12;2006;24
20070622;6;2007;22
20080703;7;2008;3
20070323;3;2007;23
20070705;7;2007;5
20090510;5;2009;10
20080424;4;2008;24
20080407;4;2008;7
20080508;5;2008;8
20080619;6;2008;19
20080716;7;2008;16
20080620;6;2008;20
20100326;3;2010;26
20090714;7;2009;14
20080616;6;2008;16
20080713;7;2008;13
20101021;10;2010;21
20100324;3;2010;24
20101026;10;2010;26
20100325;3;2010;25
20180427;4;2018;27
20160830;8;2016;30
20180626;6;2018;26
20180618;6;2018;18
20180730;7;2018;30
20180305;3;2018;5
20180905;9;2018;5
20180706;7;2018;6
20180731;7;2018;31
20180920;9;2018;20
20180802;8;2018;2
20180915;9;2018;15
20011030;10;2001;30
20011002;10;2001;2
19991119;11;1999;19
20140920;9;2014;20
20140913;9;2014;13
20011209;12;2001;9
20080911;9;2008;11
20080920;9;2008;20
19961127;11;1996;27
19960606;6;1996;6
19960712;7;1996;12
20001124;11;2000;24
20000222;2;2000;22
20121128;11;2012;28
20121125;11;2012;25
20121219;12;2012;19
20121129;11;2012;29
20121216;12;2012;16
20160704;7;2016;4
20160706;7;2016;6
20160707;7;2016;7
20160708;7;2016;8
20160705;7;2016;5
20180818;8;2018;18
20180822;8;2018;22
20120911;9;2012;11
20121213;12;2012;13
20120904;9;2012;4
20130329;3;2013;29
20130609;6;2013;9
20131227;12;2013;27
20120905;9;2012;5
20130108;1;2013;8
20140525;5;2014;25
20121225;12;2012;25
20141211;12;2014;11
20121011;10;2012;11
20121223;12;2012;23
20171011;10;2017;11
20150827;8;2015;27
20121218;12;2012;18
20150124;1;2015;24
20130505;5;2013;5
20140906;9;2014;6
20141108;11;2014;8
20141125;11;2014;25
20160118;1;2016;18
20120917;9;2012;17
20140126;1;2014;26
20130310;3;2013;10
20140911;9;2014;11
20130401;4;2013;1
20121207;12;2012;7
20120907;9;2012;7
20120922;9;2012;22
20140326;3;2014;26
20150722;7;2015;22
20121124;11;2012;24
20130121;1;2013;21
20130216;2;2013;16
20130406;4;2013;6
20140916;9;2014;16
20140215;2;2014;15
20130227;2;2013;27
20131222;12;2013;22
20130901;9;2013;1
20140131;1;2014;31
20141109;11;2014;9
20121229;12;2012;29
20120926;9;2012;26
20161015;10;2016;15
20121003;10;2012;3
20141201;12;2014;1
20121001;10;2012;1
20130303;3;2013;3
20150902;9;2015;2
20141009;10;2014;9
20150510;5;2015;10
20141223;12;2014;23
20150519;5;2015;19
20121224;12;2012;24
20150717;7;2015;17
20130316;3;2013;16
20150202;2;2015;2
20140812;8;2014;12
20170130;1;2017;30
20121118;11;2012;18
20130803;8;2013;3
20141209;12;2014;9
20130324;3;2013;24
20131208;12;2013;8
20140104;1;2014;4
20170625;6;2017;25
20130111;1;2013;11
20121021;10;2012;21
20150322;3;2015;22
20141013;10;2014;13
20121005;10;2012;5
20140813;8;2014;13
20130518;5;2013;18
20121023;10;2012;23
20130519;5;2013;19
20141207;12;2014;7
20141206;12;2014;6
20120924;9;2012;24
20150820;8;2015;20
20130129;1;2013;29
20150501;5;2015;1
20130114;1;2013;14
20130305;3;2013;5
20141202;12;2014;2
20130524;5;2013;24
20140530;5;2014;30
20140702;7;2014;2
20130211;2;2013;11
20140917;9;2014;17
20131215;12;2013;15
20130128;1;2013;28
20140801;8;2014;1
20121222;12;2012;22
20130529;5;2013;29
20140902;9;2014;2
20120925;9;2012;25
20140703;7;2014;3
20130916;9;2013;16
20140725;7;2014;25
20120918;9;2012;18
20120915;9;2012;15
20121016;10;2012;16
20130315;3;2013;15
20121012;10;2012;12
20130219;2;2013;19
20121119;11;2012;19
20121221;12;2012;21
20130205;2;2013;5
20131021;10;2013;21
20121202;12;2012;2
20131209;12;2013;9
20130109;1;2013;9
20130210;2;2013;10
20130203;2;2013;3
20130206;2;2013;6
20130325;3;2013;25
20130302;3;2013;2
20130312;3;2013;12
20130530;5;2013;30
20121220;12;2012;20
20130215;2;2013;15
20130516;5;2013;16
20130502;5;2013;2
20130423;4;2013;23
20130913;9;2013;13
20130718;7;2013;18
20130714;7;2013;14
20131006;10;2013;6
20140106;1;2014;6
20131125;11;2013;25
20140515;5;2014;15
20131010;10;2013;10
20140715;7;2014;15
20130816;8;2013;16
20130707;7;2013;7
20140108;1;2014;8
20131225;12;2013;25
20130906;9;2013;6
20130912;9;2013;12
20131223;12;2013;23
20140714;7;2014;14
20140211;2;2014;11
20140923;9;2014;23
20131226;12;2013;26
20130830;8;2013;30
20131106;11;2013;6
20131216;12;2013;16
20131224;12;2013;24
20131219;12;2013;19
20140206;2;2014;6
20140207;2;2014;7
20140129;1;2014;29
20150317;3;2015;17
20140331;3;2014;31
20140128;1;2014;28
20141020;10;2014;20
20140701;7;2014;1
20140519;5;2014;19
20140323;3;2014;23
20140511;5;2014;11
20141019;10;2014;19
20140510;5;2014;10
20140531;5;2014;31
20140529;5;2014;29
20140610;6;2014;10
20150315;3;2015;15
20150507;5;2015;7
20140731;7;2014;31
20140806;8;2014;6
20140805;8;2014;5
20140804;8;2014;4
20140918;9;2014;18
20141025;10;2014;25
20140912;9;2014;12
20140903;9;2014;3
20141005;10;2014;5
20140904;9;2014;4
20150615;6;2015;15
20150125;1;2015;25
20140915;9;2014;15
20150309;3;2015;9
20150607;6;2015;7
20150719;7;2015;19
20180121;1;2018;21
20150814;8;2015;14
20150522;5;2015;22
20150723;7;2015;23
20160605;6;2016;5
20150720;7;2015;20
20150220;2;2015;20
20151221;12;2015;21
20150321;3;2015;21
20150201;2;2015;1
20150824;8;2015;24
20170730;7;2017;30
20161016;10;2016;16
20180516;5;2018;16
20180520;5;2018;20
20170604;6;2017;4
20160509;5;2016;9
20170214;2;2017;14
20160109;1;2016;9
20150706;7;2015;6
20151019;10;2015;19
20151117;11;2015;17
20151009;10;2015;9
20170114;1;2017;14
20170107;1;2017;7
20151225;12;2015;25
20180715;7;2018;15
20170915;9;2017;15
20170112;1;2017;12
20160221;2;2016;21
20180218;2;2018;18
20160502;5;2016;2
20171226;12;2017;26
20180211;2;2018;11
20160918;9;2016;18
20170108;1;2017;8
20161014;10;2016;14
20170113;1;2017;13
20160831;8;2016;31
20180918;9;2018;18
20161023;10;2016;23
20161113;11;2016;13
20161208;12;2016;8
20170624;6;2017;24
20170923;9;2017;23
20170909;9;2017;9
20170924;9;2017;24
20170213;2;2017;13
20170903;9;2017;3
20180714;7;2018;14
20170911;9;2017;11
20171001;10;2017;1
20171203;12;2017;3
20170928;9;2017;28
20050713;7;2005;13
20160808;8;2016;8
20101009;10;2010;9
20070529;5;2007;29
20011114;11;2001;14
20151108;11;2015;8
20060306;3;2006;6
20060505;5;2006;5
20140709;7;2014;9
19960817;8;1996;17
19991103;11;1999;3
20050629;6;2005;29
19991222;12;1999;22
20020708;7;2002;8
20040727;7;2004;27
20020928;9;2002;28
20040728;7;2004;28
20060111;1;2006;11
20000803;8;2000;3
20000829;8;2000;29
19991220;12;1999;20
20000123;1;2000;23
19991221;12;1999;21
19991229;12;1999;29
19991228;12;1999;28
20000112;1;2000;12
20000117;1;2000;17
20000607;6;2000;7
20000601;6;2000;1
20010707;7;2001;7
19991017;10;1999;17
19961218;12;1996;18
20090210;2;2009;10
20180722;7;2018;22
20180805;8;2018;5
20180806;8;2018;6
19960809;8;1996;9
19960729;7;1996;29
20070214;2;2007;14
20071207;12;2007;7
20090326;3;2009;26
20070211;2;2007;11
20071210;12;2007;10
20070322;3;2007;22
20090813;8;2009;13
20081111;11;2008;11
20091201;12;2009;1
20080108;1;2008;8
20070224;2;2007;24
20100917;9;2010;17
20070501;5;2007;1
20090407;4;2009;7
20071209;12;2007;9
20090723;7;2009;23
20091021;10;2009;21
20070215;2;2007;15
20081006;10;2008;6
20070422;4;2007;22
20070226;2;2007;26
20080206;2;2008;6
20080118;1;2008;18
20091218;12;2009;18
20090925;9;2009;25
20081216;12;2008;16
20080917;9;2008;17
20070403;4;2007;3
20090317;3;2009;17
20070810;8;2007;10
20080201;2;2008;1
20080204;2;2008;4
20080208;2;2008;8
20071212;12;2007;12
20080312;3;2008;12
20070404;4;2007;4
20080116;1;2008;16
20081009;10;2008;9
20080316;3;2008;16
20101001;10;2010;1
20080115;1;2008;15
20101027;10;2010;27
20090713;7;2009;13
20080728;7;2008;28
20090123;1;2009;23
20070313;3;2007;13
20070222;2;2007;22
20100921;9;2010;21
20101104;11;2010;4
20100920;9;2010;20
20070315;3;2007;15
20090615;6;2009;15
20081110;11;2008;10
20081124;11;2008;24
20090808;8;2009;8
20081118;11;2008;18
20081003;10;2008;3
20081001;10;2008;1
20080220;2;2008;20
20070303;3;2007;3
20070314;3;2007;14
20070307;3;2007;7
20070304;3;2007;4
20080818;8;2008;18
20110206;2;2011;6
20080412;4;2008;12
20090429;4;2009;29
20090218;2;2009;18
20070402;4;2007;2
20070419;4;2007;19
20090226;2;2009;26
20070227;2;2007;27
20070321;3;2007;21
20090504;5;2009;4
20071225;12;2007;25
20081203;12;2008;3
20080501;5;2008;1
20080926;9;2008;26
20070407;4;2007;7
20080915;9;2008;15
20080409;4;2008;9
20090127;1;2009;27
20080506;5;2008;6
20070816;8;2007;16
20080414;4;2008;14
20101118;11;2010;18
20090430;4;2009;30
20090803;8;2009;3
20081215;12;2008;15
20080912;9;2008;12
20081222;12;2008;22
20070320;3;2007;20
20090223;2;2009;23
20070311;3;2007;11
20070424;4;2007;24
20070412;4;2007;12
20081023;10;2008;23
20080330;3;2008;30
20080518;5;2008;18
20070513;5;2007;13
20070506;5;2007;6
20080519;5;2008;19
20080114;1;2008;14
20070825;8;2007;25
20071219;12;2007;19
20071220;12;2007;20
20070912;9;2007;12
20080203;2;2008;3
20080103;1;2008;3
20080318;3;2008;18
20081201;12;2008;1
20100104;1;2010;4
20080205;2;2008;5
20090318;3;2009;18
20080306;3;2008;6
20090118;1;2009;18
20080928;9;2008;28
20080505;5;2008;5
20090203;2;2009;3
20081027;10;2008;27
20081125;11;2008;25
20090309;3;2009;9
20090319;3;2009;19
20090726;7;2009;26
20090120;1;2009;20
20090809;8;2009;9
20091111;11;2009;11
20110124;1;2011;24
20110126;1;2011;26
20101224;12;2010;24
20101229;12;2010;29
20111012;10;2011;12
19970314;3;1997;14
19970423;4;1997;23
20071030;10;2007;30
20170926;9;2017;26
20120923;9;2012;23
20121014;10;2012;14
20121029;10;2012;29
20130907;9;2013;7
20130910;9;2013;10
20171224;12;2017;24
19960521;5;1996;21
19960522;5;1996;22
20151226;12;2015;26
20151209;12;2015;9
20161017;10;2016;17
20160131;1;2016;31
20160402;4;2016;2
20160719;7;2016;19
20160523;5;2016;23
20161229;12;2016;29
20151213;12;2015;13
20160128;1;2016;28
20161228;12;2016;28
20161214;12;2016;14
20050623;6;2005;23
20050624;6;2005;24
20030602;6;2003;2
20010102;1;2001;2
20010104;1;2001;4
20001206;12;2000;6
20010110;1;2001;10
20090125;1;2009;25
20090405;4;2009;5
20010103;1;2001;3
20010326;3;2001;26
20050330;3;2005;30
20020227;2;2002;27
20010126;1;2001;26
20030319;3;2003;19
20031215;12;2003;15
20020807;8;2002;7
20080901;9;2008;1
20030506;5;2003;6
20040625;6;2004;25
20021018;10;2002;18
20020430;4;2002;30
20090706;7;2009;6
20041221;12;2004;21
20031114;11;2003;14
20070301;3;2007;1
20011009;10;2001;9
20030416;4;2003;16
20020710;7;2002;10
20050822;8;2005;22
20020502;5;2002;2
20010424;4;2001;24
20010703;7;2001;3
20010312;3;2001;12
20020318;3;2002;18
20010529;5;2001;29
20011003;10;2001;3
20011107;11;2001;7
20010709;7;2001;9
20020108;1;2002;8
20040811;8;2004;11
20020820;8;2002;20
20020930;9;2002;30
20020911;9;2002;11
20020603;6;2002;3
20021223;12;2002;23
20020815;8;2002;15
20020716;7;2002;16
20040114;1;2004;14
20030224;2;2003;24
20030131;1;2003;31
20060802;8;2006;2
20041124;11;2004;24
20041126;11;2004;26
20031117;11;2003;17
20030513;5;2003;13
20040617;6;2004;17
20040119;1;2004;19
20031001;10;2003;1
20040809;8;2004;9
20030623;6;2003;23
20041020;10;2004;20
20040427;4;2004;27
20050103;1;2005;3
20040622;6;2004;22
20060201;2;2006;1
20070618;6;2007;18
20080623;6;2008;23
20080303;3;2008;3
20040629;6;2004;29
20041011;10;2004;11
20050509;5;2005;9
20040804;8;2004;4
20050214;2;2005;14
20070702;7;2007;2
20041227;12;2004;27
20041210;12;2004;10
20040611;6;2004;11
20040610;6;2004;10
20040109;1;2004;9
20040824;8;2004;24
20040908;9;2004;8
20070822;8;2007;22
20051125;11;2005;25
20040913;9;2004;13
20050207;2;2005;7
20041216;12;2004;16
20071106;11;2007;6
20050613;6;2005;13
20050725;7;2005;25
20050221;2;2005;21
20060110;1;2006;10
20050419;4;2005;19
20060119;1;2006;19
20051223;12;2005;23
20090628;6;2009;28
20050718;7;2005;18
20051003;10;2005;3
20050908;9;2005;8
20060418;4;2006;18
20060125;1;2006;25
20060423;4;2006;23
20051228;12;2005;28
20060327;3;2006;27
20060508;5;2006;8
20070716;7;2007;16
20070730;7;2007;30
20060307;3;2006;7
20060413;4;2006;13
20080725;7;2008;25
20060622;6;2006;22
20060403;4;2006;3
20080612;6;2008;12
20060905;9;2006;5
20060516;5;2006;16
20051121;11;2005;21
20060703;7;2006;3
20060914;9;2006;14
20060710;7;2006;10
20061114;11;2006;14
20070430;4;2007;30
20061016;10;2006;16
20080110;1;2008;10
20060814;8;2006;14
20080225;2;2008;25
20070308;3;2007;8
20080214;2;2008;14
20070409;4;2007;9
20070103;1;2007;3
20070508;5;2007;8
20070417;4;2007;17
20070521;5;2007;21
20070806;8;2007;6
20070514;5;2007;14
20090824;8;2009;24
20080410;4;2008;10
20080727;7;2008;27
20091027;10;2009;27
20090208;2;2009;8
20100209;2;2010;9
20090113;1;2009;13
20081106;11;2008;6
20090805;8;2009;5
20091229;12;2009;29
20090901;9;2009;1
20100105;1;2010;5
20160117;1;2016;17
20160527;5;2016;27
20080825;8;2008;25
20020423;4;2002;23
20111211;12;2011;11
20021215;12;2002;15
20010517;5;2001;17
20161231;12;2016;31
20001110;11;2000;10
20130209;2;2013;9
20130101;1;2013;1
20100101;1;2010;1
20090620;6;2009;20
20060218;2;2006;18
20030103;1;2003;3
20110319;3;2011;19
20020323;3;2002;23
20131128;11;2013;28
20020329;3;2002;29
20030228;2;2003;28
20110528;5;2011;28
20071125;11;2007;25
20150914;9;2015;14
20070127;1;2007;27
20150123;1;2015;23
20120108;1;2012;8
20110314;3;2011;14
20120219;2;2012;19
20110131;1;2011;31
20110606;6;2011;6
20120115;1;2012;15
20111210;12;2011;10
20111225;12;2011;25
20111227;12;2011;27
20111226;12;2011;26
20120326;3;2012;26
20120122;1;2012;22
20160204;2;2016;4
20171217;12;2017;17
20030210;2;2003;10
20000818;8;2000;18
19980719;7;1998;19
20151218;12;2015;18
20151217;12;2015;17
20160618;6;2016;18
20160116;1;2016;16
20160702;7;2016;2
20160113;1;2016;13
20151208;12;2015;8
20160320;3;2016;20
20160331;3;2016;31
20160312;3;2016;12
20160115;1;2016;15
20161110;11;2016;10
20001119;11;2000;19
20150303;3;2015;3
20080521;5;2008;21
19970128;1;1997;28
19971206;12;1997;6
19980329;3;1998;29
19981210;12;1998;10
19980527;5;1998;27
19981122;11;1998;22
19990308;3;1999;8
19971130;11;1997;30
20000106;1;2000;6
19990620;6;1999;20
19980524;5;1998;24
19990803;8;1999;3
19990901;9;1999;1
19981223;12;1998;23
19971204;12;1997;4
19990207;2;1999;7
19971222;12;1997;22
19990712;7;1999;12
19981220;12;1998;20
19980615;6;1998;15
19980607;6;1998;7
19980315;3;1998;15
19971123;11;1997;23
19990317;3;1999;17
19980624;6;1998;24
19971229;12;1997;29
19981108;11;1998;8
19971028;10;1997;28
19980104;1;1998;4
19980525;5;1998;25
19990228;2;1999;28
19971214;12;1997;14
19980621;6;1998;21
19980215;2;1998;15
19990728;7;1999;28
19990323;3;1999;23
19980614;6;1998;14
19980809;8;1998;9
19980119;1;1998;19
19990113;1;1999;13
19990215;2;1999;15
19980810;8;1998;10
19990325;3;1999;25
19981025;10;1998;25
19990726;7;1999;26
19990324;3;1999;24
19990103;1;1999;3
19990711;7;1999;11
19991231;12;1999;31
19990214;2;1999;14
19990221;2;1999;21
19990815;8;1999;15
19991223;12;1999;23
19991217;12;1999;17
19991215;12;1999;15
19990829;8;1999;29
19991010;10;1999;10
19991121;11;1999;21
20160409;4;2016;9
20170508;5;2017;8
20171202;12;2017;2
20170403;4;2017;3
20180306;3;2018;6
20170506;5;2017;6
20160411;4;2016;11
20160517;5;2016;17
20160504;5;2016;4
20180225;2;2018;25
20160428;4;2016;28
20160505;5;2016;5
20160515;5;2016;15
20180826;8;2018;26
20180429;4;2018;29
20160531;5;2016;31
20160426;4;2016;26
20160521;5;2016;21
20180228;2;2018;28
20180705;7;2018;5
20180801;8;2018;1
20170527;5;2017;27
20180227;2;2018;27
20160429;4;2016;29
20180208;2;2018;8
20160506;5;2016;6
20180423;4;2018;23
20180404;4;2018;4
20180712;7;2018;12
20170427;4;2017;27
20180312;3;2018;12
20170507;5;2017;7
20180302;3;2018;2
20160528;5;2016;28
20160416;4;2016;16
20160427;4;2016;27
20180310;3;2018;10
20180226;2;2018;26
20170326;3;2017;26
20180825;8;2018;25
20170323;3;2017;23
20180224;2;2018;24
20180708;7;2018;8
20180308;3;2018;8
20160414;4;2016;14
20180713;7;2018;13
20180919;9;2018;19
20180315;3;2018;15
20070803;8;2007;3
20070910;9;2007;10
20070804;8;2007;4
20090130;1;2009;30
20080520;5;2008;20
20070817;8;2007;17
20080710;7;2008;10
20071226;12;2007;26
20071103;11;2007;3
20071211;12;2007;11
20081117;11;2008;17
20070913;9;2007;13
20080313;3;2008;13
20090520;5;2009;20
20070815;8;2007;15
20070911;9;2007;11
20070813;8;2007;13
20080804;8;2008;4
20070812;8;2007;12
20080724;7;2008;24
20071127;11;2007;27
20081020;10;2008;20
20071013;10;2007;13
20070927;9;2007;27
20071012;10;2007;12
20080228;2;2008;28
20081212;12;2008;12
20080304;3;2008;4
20071017;10;2007;17
20070924;9;2007;24
20080120;1;2008;20
20070823;8;2007;23
20071010;10;2007;10
20070820;8;2007;20
20080807;8;2008;7
20090612;6;2009;12
20090608;6;2009;8
20150116;1;2015;16
20040607;6;2004;7
20050309;3;2005;9
20040307;3;2004;7
20030710;7;2003;10
20030121;1;2003;21
20020827;8;2002;27
19960610;6;1996;10
19960911;9;1996;11
19960608;6;1996;8
19960812;8;1996;12
19961105;11;1996;5
19960615;6;1996;15
19960701;7;1996;1
19961231;12;1996;31
19961122;11;1996;22
19961003;10;1996;3
19960713;7;1996;13
19961222;12;1996;22
19960616;6;1996;16
19961228;12;1996;28
19960630;6;1996;30
20050322;3;2005;22
20150502;5;2015;2
20150430;4;2015;30
20150503;5;2015;3
20120909;9;2012;9
20150314;3;2015;14
20100106;1;2010;6
20141018;10;2014;18
20100118;1;2010;18
20150601;6;2015;1
20100606;6;2010;6
20141129;11;2014;29
20141227;12;2014;27
20150915;9;2015;15
20100602;6;2010;2
20141220;12;2014;20
20091025;10;2009;25
20100610;6;2010;10
20091220;12;2009;20
20090206;2;2009;6
20141110;11;2014;10
20110809;8;2011;9
20100301;3;2010;1
20120623;6;2012;23
20151003;10;2015;3
20120716;7;2012;16
20090928;9;2009;28
20101203;12;2010;3
20100221;2;2010;21
20120718;7;2012;18
20141030;10;2014;30
20100823;8;2010;23
20110514;5;2011;14
20141111;11;2014;11
20150405;4;2015;5
20150413;4;2015;13
20151029;10;2015;29
20141128;11;2014;28
20161226;12;2016;26
20150525;5;2015;25
20150221;2;2015;21
20141012;10;2014;12
20150217;2;2015;17
20151118;11;2015;18
20100207;2;2010;7
20111030;10;2011;30
20100429;4;2010;29
20141214;12;2014;14
20150206;2;2015;6
20100314;3;2010;14
20091123;11;2009;23
20150409;4;2015;9
20151023;10;2015;23
20090404;4;2009;4
20100923;9;2010;23
20100707;7;2010;7
20150404;4;2015;4
20141102;11;2014;2
20120106;1;2012;6
20120629;6;2012;29
20180507;5;2018;7
20160122;1;2016;22
20120622;6;2012;22
20100208;2;2010;8
20120903;9;2012;3
20150121;1;2015;21
20150126;1;2015;26
20100310;3;2010;10
20150825;8;2015;25
20150224;2;2015;24
20150211;2;2015;11
20121214;12;2012;14
20110205;2;2011;5
20111216;12;2011;16
20111113;11;2011;13
20150417;4;2015;17
20100201;2;2010;1
20150129;1;2015;29
20141115;11;2014;15
20120830;8;2012;30
20100411;4;2010;11
20151007;10;2015;7
20100706;7;2010;6
20110304;3;2011;4
20150204;2;2015;4
20090406;4;2009;6
20100819;8;2010;19
20150113;1;2015;13
20151004;10;2015;4
20111022;10;2011;22
20141213;12;2014;13
20150624;6;2015;24
20120825;8;2012;25
20150612;6;2015;12
20100117;1;2010;17
20100811;8;2010;11
20161213;12;2016;13
20160102;1;2016;2
20150408;4;2015;8
20100304;3;2010;4
20110429;4;2011;29
20150412;4;2015;12
20160130;1;2016;30
20170115;1;2017;15
20090220;2;2009;20
20180909;9;2018;9
20120317;3;2012;17
20110416;4;2011;16
20150324;3;2015;24
20150623;6;2015;23
20151016;10;2015;16
20120102;1;2012;2
20150626;6;2015;26
20110513;5;2011;13
20141015;10;2014;15
20120101;1;2012;1
20150311;3;2015;11
20150302;3;2015;2
20160220;2;2016;20
20110515;5;2011;15
20150708;7;2015;8
20150530;5;2015;30
20101211;12;2010;11
20160219;2;2016;19
20160105;1;2016;5
20150605;6;2015;5
20150709;7;2015;9
20150319;3;2015;19
20110723;7;2011;23
20100401;4;2010;1
20110907;9;2011;7
20100815;8;2010;15
20110307;3;2011;7
20110212;2;2011;12
20110129;1;2011;29
20110318;3;2011;18
20150401;4;2015;1
20120226;2;2012;26
20110806;8;2011;6
20150306;3;2015;6
20141017;10;2014;17
20150523;5;2015;23
20180103;1;2018;3
20141031;10;2014;31
20180204;2;2018;4
20130222;2;2013;22
20150325;3;2015;25
20150619;6;2015;19
20150526;5;2015;26
20161209;12;2016;9
20180504;5;2018;4
20150114;1;2015;14
20150815;8;2015;15
20170729;7;2017;29
20150627;6;2015;27
20150329;3;2015;29
20150313;3;2015;13
20180823;8;2018;23
20150403;4;2015;3
20151229;12;2015;29
20151205;12;2015;5
20170118;1;2017;18
20151006;10;2015;6
20151107;11;2015;7
20160327;3;2016;27
20171207;12;2017;7
20150906;9;2015;6
20151215;12;2015;15
20151022;10;2015;22
20151227;12;2015;27
20151231;12;2015;31
20161225;12;2016;25
20180906;9;2018;6
20180124;1;2018;24
20171128;11;2017;28
20180130;1;2018;30
20180810;8;2018;10
20180904;9;2018;4
20160424;4;2016;24
20100912;9;2010;12
19960920;9;1996;20
20080802;8;2008;2
20150130;1;2015;30
20021209;12;2002;9
20111125;11;2011;25
20141229;12;2014;29
20111203;12;2011;3
20111218;12;2011;18
20150714;7;2015;14
20130106;1;2013;6
20111204;12;2011;4
20120503;5;2012;3
20120320;3;2012;20
20120104;1;2012;4
20180411;4;2018;11
20180917;9;2018;17
20000807;8;2000;7
20081031;10;2008;31
20090314;3;2009;14
20100305;3;2010;5
20121208;12;2012;8
20091212;12;2009;12
20100220;2;2010;20
20090625;6;2009;25
20100224;2;2010;24
20101120;11;2010;20
20091223;12;2009;23
20050724;7;2005;24
20050705;7;2005;5
20060204;2;2006;4
19970405;4;1997;5
20180628;6;2018;28
20160417;4;2016;17
20160419;4;2016;19
20161217;12;2016;17
20160412;4;2016;12
20171003;10;2017;3
20170828;8;2017;28
20160415;4;2016;15
20160420;4;2016;20
20170509;5;2017;9
20170301;3;2017;1
20171012;10;2017;12
20171009;10;2017;9
20170215;2;2017;15
20170216;2;2017;16
20150830;8;2015;30
20150105;1;2015;5
20120721;7;2012;21
20060808;8;2006;8
20070228;2;2007;28
20050904;9;2005;4
20051205;12;2005;5
20130911;9;2013;11
19970529;5;1997;29
20120109;1;2012;9
20120203;2;2012;3
20120110;1;2012;10
20120207;2;2012;7
20120329;3;2012;29
20120210;2;2012;10
20120204;2;2012;4
20120208;2;2012;8
20120211;2;2012;11
20170501;5;2017;1
20170513;5;2017;13
20081213;12;2008;13
20081130;11;2008;30
20090107;1;2009;7
20090115;1;2009;15
20120613;6;2012;13
20071024;10;2007;24
20071016;10;2007;16
20071204;12;2007;4
19980117;1;1998;17
20180703;7;2018;3
20180717;7;2018;17
20170813;8;2017;13
19970721;7;1997;21
20170402;4;2017;2
20170318;3;2017;18
20170304;3;2017;4
20170309;3;2017;9
20170305;3;2017;5
20170307;3;2017;7
20010814;8;2001;14
20001011;10;2000;11
20001021;10;2000;21
20090315;3;2009;15
20090312;3;2009;12
20140810;8;2014;10
19970916;9;1997;16
19961101;11;1996;1
20081029;10;2008;29
20081028;10;2008;28
20130403;4;2013;3
20130402;4;2013;2
20151020;10;2015;20
19961107;11;1996;7
20170429;4;2017;29
20171016;10;2017;16
20170520;5;2017;20
20171019;10;2017;19
20170810;8;2017;10
20170803;8;2017;3
20170503;5;2017;3
20170516;5;2017;16
20171023;10;2017;23
20170522;5;2017;22
20171027;10;2017;27
20171026;10;2017;26
20171018;10;2017;18
20171025;10;2017;25
20170512;5;2017;12
20170814;8;2017;14
20170809;8;2017;9
20170511;5;2017;11
20170517;5;2017;17
20180421;4;2018;21
20170806;8;2017;6
20170812;8;2017;12
20171017;10;2017;17
20171024;10;2017;24
20170521;5;2017;21
20171030;10;2017;30
20170605;6;2017;5
20170807;8;2017;7
20171015;10;2017;15
20061213;12;2006;13
20061130;11;2006;30
20070112;1;2007;12
20100114;1;2010;14
20070210;2;2007;10
20061231;12;2006;31
20100709;7;2010;9
20070113;1;2007;13
20070411;4;2007;11
20070406;4;2007;6
20061205;12;2006;5
20070204;2;2007;4
20061223;12;2006;23
20061215;12;2006;15
20061228;12;2006;28
20100107;1;2010;7
20100710;7;2010;10
20080127;1;2008;27
20070408;4;2007;8
20070111;1;2007;11
20070128;1;2007;28
20070511;5;2007;11
20100108;1;2010;8
20100112;1;2010;12
20090917;9;2009;17
20090724;7;2009;24
20100113;1;2010;13
20180105;1;2018;5
20180106;1;2018;6
19991126;11;1999;26
19991125;11;1999;25
20010729;7;2001;29
20010804;8;2001;4
19960613;6;1996;13
19960725;7;1996;25
19960721;7;1996;21
19960708;7;1996;8
19970530;5;1997;30
19961008;10;1996;8
19961104;11;1996;4
19960916;9;1996;16
19970609;6;1997;9
19961202;12;1996;2
19970623;6;1997;23
19970106;1;1997;6
19960913;9;1996;13
20040911;9;2004;11
20050530;5;2005;30
20070624;6;2007;24
20070704;7;2007;4
20060621;6;2006;21
20060731;7;2006;31
20060807;8;2006;7
20070515;5;2007;15
20050612;6;2005;12
20050529;5;2005;29
20060131;1;2006;31
20091106;11;2009;6
20061021;10;2006;21
20051211;12;2005;11
20040910;9;2004;10
20040912;9;2004;12
20040914;9;2004;14
20070908;9;2007;8
20060709;7;2006;9
20070726;7;2007;26
20050803;8;2005;3
20050905;9;2005;5
20050821;8;2005;21
20060226;2;2006;26
20060809;8;2006;9
20070525;5;2007;25
20070507;5;2007;7
20070723;7;2007;23
20060314;3;2006;14
20061216;12;2006;16
20050828;8;2005;28
20050603;6;2005;3
20060318;3;2006;18
20060711;7;2006;11
20060815;8;2006;15
20060326;3;2006;26
20060823;8;2006;23
20040930;9;2004;30
20060217;2;2006;17
20060422;4;2006;22
20050717;7;2005;17
20051106;11;2005;6
20061112;11;2006;12
20080711;7;2008;11
20050626;6;2005;26
20060603;6;2006;3
20080628;6;2008;28
20060817;8;2006;17
20060816;8;2006;16
20040918;9;2004;18
20071202;12;2007;2
20070107;1;2007;7
20070824;8;2007;24
20050611;6;2005;11
20051220;12;2005;20
20050929;9;2005;29
20051006;10;2005;6
20060128;1;2006;28
20050720;7;2005;20
20051124;11;2005;24
20060624;6;2006;24
20060705;7;2006;5
20070902;9;2007;2
20060707;7;2006;7
20060129;1;2006;29
20060806;8;2006;6
20051008;10;2005;8
20060319;3;2006;19
20060627;6;2006;27
20070519;5;2007;19
20071007;10;2007;7
20051107;11;2005;7
20060727;7;2006;27
20080604;6;2008;4
20061101;11;2006;1
20050728;7;2005;28
20060305;3;2006;5
20070318;3;2007;18
20051016;10;2005;16
20050727;7;2005;27
20051112;11;2005;12
20060522;5;2006;22
20060717;7;2006;17
20060630;6;2006;30
20071014;10;2007;14
20060409;4;2006;9
20060827;8;2006;27
20051127;11;2005;27
20060416;4;2006;16
20071001;10;2007;1
20070715;7;2007;15
20060530;5;2006;30
20061203;12;2006;3
20051203;12;2005;3
20060317;3;2006;17
20050918;9;2005;18
20070610;6;2007;10
20051001;10;2005;1
20051022;10;2005;22
20070106;1;2007;6
20080315;3;2008;15
20060219;2;2006;19
20060701;7;2006;1
20070428;4;2007;28
20060916;9;2006;16
20051126;11;2005;26
20060826;8;2006;26
20051218;12;2005;18
20070429;4;2007;29
20060803;8;2006;3
20071027;10;2007;27
20051120;11;2005;20
20070821;8;2007;21
20051019;10;2005;19
20060407;4;2006;7
20070420;4;2007;20
20050809;8;2005;9
20070721;7;2007;21
20060713;7;2006;13
20051023;10;2005;23
20081014;10;2008;14
20051201;12;2005;1
20060316;3;2006;16
20070811;8;2007;11
20051009;10;2005;9
20070826;8;2007;26
20060819;8;2006;19
20051219;12;2005;19
20050819;8;2005;19
20070415;4;2007;15
20060811;8;2006;11
20070709;7;2007;9
20060322;3;2006;22
20071104;11;2007;4
20050820;8;2005;20
20060728;7;2006;28
20060121;1;2006;21
20060107;1;2006;7
20060518;5;2006;18
20050806;8;2005;6
20061015;10;2006;15
20051204;12;2005;4
20060722;7;2006;22
20061001;10;2006;1
20070520;5;2007;20
20060812;8;2006;12
20060116;1;2006;16
20050729;7;2005;29
20050710;7;2005;10
20060821;8;2006;21
20070523;5;2007;23
20050805;8;2005;5
20060417;4;2006;17
20060719;7;2006;19
20070920;9;2007;20
20080308;3;2008;8
20050723;7;2005;23
20060702;7;2006;2
20060430;4;2006;30
20080107;1;2008;7
20060114;1;2006;14
20070330;3;2007;30
20070829;8;2007;29
20060602;6;2006;2
20080227;2;2008;27
20070717;7;2007;17
20070814;8;2007;14
20060810;8;2006;10
20060801;8;2006;1
20060818;8;2006;18
20060501;5;2006;1
20061012;10;2006;12
20051015;10;2005;15
20070209;2;2007;9
20080712;7;2008;12
20070328;3;2007;28
20051231;12;2005;31
20051002;10;2005;2
20071028;10;2007;28
20051010;10;2005;10
20070517;5;2007;17
20070317;3;2007;17
20060912;9;2006;12
20061123;11;2006;23
20060813;8;2006;13
20070701;7;2007;1
20061105;11;2006;5
20070929;9;2007;29
20051011;10;2005;11
20060225;2;2006;25
20060105;1;2006;5
20070620;6;2007;20
20060124;1;2006;24
20070105;1;2007;5
20070923;9;2007;23
20080511;5;2008;11
20070722;7;2007;22
20070312;3;2007;12
20070115;1;2007;15
20070119;1;2007;19
20080302;3;2008;2
20070518;5;2007;18
20070126;1;2007;26
20070121;1;2007;21
20080405;4;2008;5
20070203;2;2007;3
20080322;3;2008;22
20070427;4;2007;27
20070306;3;2007;6
20070421;4;2007;21
20070414;4;2007;14
20070526;5;2007;26
20070605;6;2007;5
20070728;7;2007;28
20080305;3;2008;5
20070729;7;2007;29
20070901;9;2007;1
20071006;10;2007;6
20071119;11;2007;19
20080211;2;2008;11
20080629;6;2008;29
20080527;5;2008;27
20131210;12;2013;10
19970309;3;1997;9
20090815;8;2009;15
20090814;8;2009;14
20020919;9;2002;19
20020902;9;2002;2
20020831;8;2002;31
20020922;9;2002;22
20020923;9;2002;23
20021116;11;2002;16
20020724;7;2002;24
19960802;8;1996;2
19960831;8;1996;31
20070616;6;2007;16
20110721;7;2011;21
20110724;7;2011;24
20170701;7;2017;1
20171112;11;2017;12
20171227;12;2017;27
20180114;1;2018;14
20180113;1;2018;13
19961203;12;1996;3
19961204;12;1996;4
19960726;7;1996;26
20110125;1;2011;25
20110223;2;2011;23
20110330;3;2011;30
20110301;3;2011;1
20110421;4;2011;21
20110407;4;2011;7
20110323;3;2011;23
20110202;2;2011;2
20110504;5;2011;4
20110411;4;2011;11
20110505;5;2011;5
20110315;3;2011;15
20110412;4;2011;12
20110224;2;2011;24
20110225;2;2011;25
20150219;2;2015;19
20160726;7;2016;26
20160722;7;2016;22
20160804;8;2016;4
20160811;8;2016;11
20160711;7;2016;11
20160714;7;2016;14
20160903;9;2016;3
20170109;1;2017;9
20160724;7;2016;24
20160901;9;2016;1
20000915;9;2000;15
20000916;9;2000;16
20000902;9;2000;2
20010526;5;2001;26
20010525;5;2001;25
20010524;5;2001;24
19960623;6;1996;23
19991005;10;1999;5
20000619;6;2000;19
20000621;6;2000;21
20000620;6;2000;20
20030505;5;2003;5
20000622;6;2000;22
20010917;9;2001;17
20000630;6;2000;30
20020927;9;2002;27
20040425;4;2004;25
20171124;11;2017;24
20020626;6;2002;26
20021105;11;2002;5
20001204;12;2000;4
20091115;11;2009;15
20000710;7;2000;10
20010618;6;2001;18
20020422;4;2002;22
20020115;1;2002;15
20020709;7;2002;9
20040321;3;2004;21
20020110;1;2002;10
20020813;8;2002;13
20020607;6;2002;7
20000731;7;2000;31
20010531;5;2001;31
20040805;8;2004;5
20020806;8;2002;6
20030310;3;2003;10
20050616;6;2005;16
20021007;10;2002;7
20010604;6;2001;4
20021001;10;2002;1
20020314;3;2002;14
20011203;12;2001;3
20050304;3;2005;4
20011119;11;2001;19
20000626;6;2000;26
20010821;8;2001;21
20011106;11;2001;6
20000828;8;2000;28
20030428;4;2003;28
20040922;9;2004;22
20021108;11;2002;8
20010115;1;2001;15
20040112;1;2004;12
20010827;8;2001;27
20011016;10;2001;16
20031027;10;2003;27
20030522;5;2003;22
20021118;11;2002;18
20020404;4;2002;4
20010507;5;2001;7
20021015;10;2002;15
20000919;9;2000;19
20020617;6;2002;17
20001215;12;2000;15
20010219;2;2001;19
20010515;5;2001;15
20021202;12;2002;2
20020109;1;2002;9
20000628;6;2000;28
20000711;7;2000;11
20001002;10;2000;2
20000824;8;2000;24
20010820;8;2001;20
20080715;7;2008;15
20010402;4;2001;2
20000911;9;2000;11
20000814;8;2000;14
20001113;11;2000;13
20001030;10;2000;30
20010205;2;2001;5
20030421;4;2003;21
20010112;1;2001;12
20010313;3;2001;13
20000706;7;2000;6
20010129;1;2001;29
20020116;1;2002;16
20040725;7;2004;25
20010305;3;2001;5
20000712;7;2000;12
20030521;5;2003;21
20010123;1;2001;23
20000905;9;2000;5
20001020;10;2000;20
20010920;9;2001;20
20030309;3;2003;9
20010109;1;2001;9
20020204;2;2002;4
20010207;2;2001;7
20010810;8;2001;10
20010105;1;2001;5
20010625;6;2001;25
20010627;6;2001;27
20020924;9;2002;24
20010910;9;2001;10
20010803;8;2001;3
20010809;8;2001;9
20010131;1;2001;31
20030216;2;2003;16
20010802;8;2001;2
20030412;4;2003;12
20020226;2;2002;26
20030303;3;2003;3
20010907;9;2001;7
20010605;6;2001;5
20030512;5;2003;12
20020308;3;2002;8
20031222;12;2003;22
20020313;3;2002;13
20020521;5;2002;21
20020214;2;2002;14
20010723;7;2001;23
20011126;11;2001;26
20020506;5;2002;6
20031128;11;2003;28
20010716;7;2001;16
20030930;9;2003;30
20031010;10;2003;10
20040716;7;2004;16
20020401;4;2002;1
20020121;1;2002;21
20020509;5;2002;9
20030405;4;2003;5
20020426;4;2002;26
20020312;3;2002;12
20030702;7;2003;2
20020325;3;2002;25
20040105;1;2004;5
20051222;12;2005;22
20020408;4;2002;8
20031023;10;2003;23
20020118;1;2002;18
20020320;3;2002;20
20020412;4;2002;12
20021029;10;2002;29
20030414;4;2003;14
20020225;2;2002;25
20020711;7;2002;11
20020606;6;2002;6
20031026;10;2003;26
20020819;8;2002;19
20020822;8;2002;22
20020816;8;2002;16
20030317;3;2003;17
20100907;9;2010;7
20031205;12;2003;5
20020402;4;2002;2
20030419;4;2003;19
20030731;7;2003;31
20021216;12;2002;16
20021025;10;2002;25
20030610;6;2003;10
20030922;9;2003;22
20020715;7;2002;15
20031119;11;2003;19
20030127;1;2003;27
20020916;9;2002;16
20030721;7;2003;21
20021220;12;2002;20
20031031;10;2003;31
20031126;11;2003;26
20030714;7;2003;14
20021028;10;2002;28
20040705;7;2004;5
20070108;1;2007;8
20031002;10;2003;2
20040405;4;2004;5
20021107;11;2002;7
20031021;10;2003;21
20040207;2;2004;7
20031228;12;2003;28
20030620;6;2003;20
20040609;6;2004;9
20040714;7;2004;14
20040227;2;2004;27
20030805;8;2003;5
20030812;8;2003;12
20040127;1;2004;27
20030817;8;2003;17
20030711;7;2003;11
20040602;6;2004;2
20040314;3;2004;14
20040825;8;2004;25
20041028;10;2004;28
20040712;7;2004;12
20030902;9;2003;2
20041218;12;2004;18
20040525;5;2004;25
20030616;6;2003;16
20040628;6;2004;28
20041109;11;2004;9
20041024;10;2004;24
20050228;2;2005;28
20040115;1;2004;15
20040721;7;2004;21
20040206;2;2004;6
20040831;8;2004;31
20031231;12;2003;31
20050113;1;2005;13
20050519;5;2005;19
20050106;1;2005;6
20040223;2;2004;23
20041213;12;2004;13
20050120;1;2005;20
20041220;12;2004;20
20040130;1;2004;30
20040414;4;2004;14
20041101;11;2004;1
20041025;10;2004;25
20060915;9;2006;15
20040706;7;2004;6
20050829;8;2005;29
20050801;8;2005;1
20060213;2;2006;13
20050808;8;2005;8
20051207;12;2005;7
20050424;4;2005;24
20050504;5;2005;4
20050525;5;2005;25
20051114;11;2005;14
20051103;11;2005;3
20090701;7;2009;1
20060301;3;2006;1
20060206;2;2006;6
20050915;9;2005;15
20061117;11;2006;17
20060220;2;2006;20
20060704;7;2006;4
20050716;7;2005;16
20060724;7;2006;24
20051018;10;2005;18
20060921;9;2006;21
20060619;6;2006;19
20060405;4;2006;5
20060424;4;2006;24
20061002;10;2006;2
20051212;12;2005;12
20060609;6;2006;9
20081225;12;2008;25
20060612;6;2006;12
20170315;3;2017;15
20060515;5;2006;15
20070725;7;2007;25
20060922;9;2006;22
20061206;12;2006;6
20070528;5;2007;28
20060616;6;2006;16
20101010;10;2010;10
20070109;1;2007;9
20080216;2;2008;16
20070418;4;2007;18
20070915;9;2007;15
20070703;7;2007;3
20071120;11;2007;20
20071105;11;2007;5
20100516;5;2010;16
20120812;8;2012;12
20071215;12;2007;15
20080310;3;2008;10
20080922;9;2008;22
20091227;12;2009;27
20091024;10;2009;24
20120309;3;2012;9
20091008;10;2009;8
20100531;5;2010;31
20091222;12;2009;22
20110103;1;2011;3
20100816;8;2010;16
20110316;3;2011;16
20110226;2;2011;26
20180402;4;2018;2
20131022;10;2013;22
20070819;8;2007;19
20180721;7;2018;21
20180619;6;2018;19
20180914;9;2018;14
20160613;6;2016;13
20111119;11;2011;19
20111121;11;2011;21
20111120;11;2011;20
20111011;10;2011;11
20111118;11;2011;18
20130309;3;2013;9
20111127;11;2011;27
20111126;11;2011;26
20120206;2;2012;6
20120205;2;2012;5
20130705;7;2013;5
20080806;8;2008;6
20081220;12;2008;20
20081218;12;2008;18
20080809;8;2008;9
20081005;10;2008;5
20010513;5;2001;13
20020106;1;2002;6
20010628;6;2001;28
20160313;3;2016;13
20160314;3;2016;14
20161021;10;2016;21
20050422;4;2005;22
20050528;5;2005;28
20050331;3;2005;31
20060311;3;2006;11
20100809;8;2010;9
20100807;8;2010;7
20100515;5;2010;15
20030516;5;2003;16
19960329;3;1996;29
20000707;7;2000;7
20000714;7;2000;14
20010722;7;2001;22
20010412;4;2001;12
20010221;2;2001;21
20010708;7;2001;8
20030713;7;2003;13
20110919;9;2011;19
20110905;9;2011;5
20120423;4;2012;23
20120131;1;2012;31
20120201;2;2012;1
20100407;4;2010;7
20100412;4;2010;12
20100415;4;2010;15
19960531;5;1996;31
19970330;3;1997;30
20050115;1;2005;15
20050417;4;2005;17
20050116;1;2005;16
20050117;1;2005;17
20060527;5;2006;27
20050219;2;2005;19
20050118;1;2005;18
20050206;2;2005;6
20050215;2;2005;15
20050310;3;2005;10
20050531;5;2005;31
20050401;4;2005;1
20050917;9;2005;17
20050208;2;2005;8
20050731;7;2005;31
20050627;6;2005;27
20050205;2;2005;5
20060313;3;2006;13
20050423;4;2005;23
20050701;7;2005;1
20050306;3;2005;6
20050319;3;2005;19
20050402;4;2005;2
20050916;9;2005;16
20050503;5;2005;3
20050523;5;2005;23
20050615;6;2005;15
20051226;12;2005;26
20060506;5;2006;6
20090320;3;2009;20
20151202;12;2015;2
20120312;3;2012;12
20150102;1;2015;2
19960806;8;1996;6
19960927;9;1996;27
20020418;4;2002;18
20020419;4;2002;19
20020731;7;2002;31
20040209;2;2004;9
20070512;5;2007;12
20050607;6;2005;7
20040118;1;2004;18
20040329;3;2004;29
20021013;10;2002;13
20040818;8;2004;18
20050104;1;2005;4
20030826;8;2003;26
20111219;12;2011;19
20040331;3;2004;31
20040704;7;2004;4
20030803;8;2003;3
20030703;7;2003;3
20030727;7;2003;27
20170312;3;2017;12
20020801;8;2002;1
20021014;10;2002;14
20070201;2;2007;1
20050410;4;2005;10
20050925;9;2005;25
20040103;1;2004;3
20020808;8;2002;8
20030901;9;2003;1
20111224;12;2011;24
20020812;8;2002;12
20020805;8;2002;5
20040619;6;2004;19
20031227;12;2003;27
20021114;11;2002;14
20020613;6;2002;13
20080419;4;2008;19
20030306;3;2003;6
20060401;4;2006;1
20151005;10;2015;5
20031221;12;2003;21
20040418;4;2004;18
20030708;7;2003;8
20041110;11;2004;10
20021224;12;2002;24
20060524;5;2006;24
20020516;5;2002;16
20100403;4;2010;3
20170415;4;2017;15
20050618;6;2005;18
20021230;12;2002;30
20050622;6;2005;22
20040815;8;2004;15
20021206;12;2002;6
20030217;2;2003;17
20111015;10;2011;15
20030213;2;2003;13
20030107;1;2003;7
20030101;1;2003;1
20030904;9;2003;4
20030128;1;2003;28
20021218;12;2002;18
20030108;1;2003;8
20040802;8;2004;2
20030110;1;2003;10
20021201;12;2002;1
20030511;5;2003;11
20021128;11;2002;28
20020610;6;2002;10
20070909;9;2007;9
20111205;12;2011;5
20020604;6;2002;4
20021229;12;2002;29
20021020;10;2002;20
20041014;10;2004;14
20021129;11;2002;29
20020929;9;2002;29
20071005;10;2007;5
20030102;1;2003;2
20021008;10;2002;8
20020701;7;2002;1
20040816;8;2004;16
20021030;10;2002;30
20021031;10;2002;31
20100111;1;2010;11
20030225;2;2003;25
20031110;11;2003;10
20040122;1;2004;22
20021106;11;2002;6
20021117;11;2002;17
20020718;7;2002;18
20030221;2;2003;21
20021130;11;2002;30
20030818;8;2003;18
20020424;4;2002;24
20030214;2;2003;14
20030212;2;2003;12
20030105;1;2003;5
20030912;9;2003;12
20030518;5;2003;18
20030601;6;2003;1
20060805;8;2006;5
20030614;6;2003;14
20070708;7;2007;8
20040121;1;2004;21
20030811;8;2003;11
20030822;8;2003;22
20030821;8;2003;21
20031220;12;2003;20
20040123;1;2004;23
20040330;3;2004;30
20031202;12;2003;2
20070216;2;2007;16
20040318;3;2004;18
20060917;9;2006;17
20040424;4;2004;24
20040502;5;2004;2
20020926;9;2002;26
20091219;12;2009;19
20020830;8;2002;30
20020726;7;2002;26
20040101;1;2004;1
20021016;10;2002;16
20040601;6;2004;1
20040208;2;2004;8
20040618;6;2004;18
20050122;1;2005;22
20020904;9;2002;4
20040621;6;2004;21
20050305;3;2005;5
20030114;1;2003;14
20110813;8;2011;13
20041228;12;2004;28
20040531;5;2004;31
20041231;12;2004;31
20050325;3;2005;25
20030427;4;2003;27
20030408;4;2003;8
20050105;1;2005;5
20041226;12;2004;26
20031015;10;2003;15
20091230;12;2009;30
20040312;3;2004;12
20031029;10;2003;29
20050814;8;2005;14
20050327;3;2005;27
20100109;1;2010;9
20060415;4;2006;15
20130204;2;2013;4
20040505;5;2004;5
20130120;1;2013;20
20091231;12;2009;31
20080914;9;2008;14
20081121;11;2008;21
20040703;7;2004;3
20041224;12;2004;24
20060626;6;2006;26
20101108;11;2010;8
20041029;10;2004;29
20060604;6;2006;4
20061113;11;2006;13
20120826;8;2012;26
20081018;10;2008;18
20060414;4;2006;14
20070621;6;2007;21
20070426;4;2007;26
20091213;12;2009;13
20150308;3;2015;8
20101226;12;2010;26
20070630;6;2007;30
20060729;7;2006;29
20061125;11;2006;25
20061008;10;2006;8
20060924;9;2006;24
20061029;10;2006;29
20090411;4;2009;11
20120318;3;2012;18
20110731;7;2011;31
20070217;2;2007;17
20070714;7;2007;14
20070120;1;2007;20
20120602;6;2012;2
20061222;12;2006;22
20100321;3;2010;21
20060607;6;2006;7
20080709;7;2008;9
20081011;10;2008;11
20140729;7;2014;29
20071011;10;2007;11
20090905;9;2009;5
20070930;9;2007;30
20080210;2;2008;10
20080209;2;2008;9
20081112;11;2008;12
20080319;3;2008;19
20080815;8;2008;15
20090109;1;2009;9
20090215;2;2009;15
20071126;11;2007;26
20080504;5;2008;4
20070629;6;2007;29
20080812;8;2008;12
20170416;4;2017;16
20170106;1;2017;6
20080119;1;2008;19
20081122;11;2008;22
20091228;12;2009;28
20100103;1;2010;3
20130727;7;2013;27
20140823;8;2014;23
20090525;5;2009;25
20090517;5;2009;17
20090913;9;2009;13
20101127;11;2010;27
20090930;9;2009;30
20110630;6;2011;30
20110827;8;2011;27
20100102;1;2010;2
20090111;1;2009;11
20081227;12;2008;27
20100131;1;2010;31
20101204;12;2010;4
20110927;9;2011;27
20100717;7;2010;17
20101025;10;2010;25
20091125;11;2009;25
20110214;2;2011;14
20110829;8;2011;29
20100925;9;2010;25
20101207;12;2010;7
20170417;4;2017;17
20101115;11;2010;15
20091023;10;2009;23
20101107;11;2010;7
20100612;6;2010;12
20110828;8;2011;28
20101101;11;2010;1
20110705;7;2011;5
20101206;12;2010;6
20110821;8;2011;21
20100911;9;2010;11
20111029;10;2011;29
20110719;7;2011;19
20110903;9;2011;3
20110718;7;2011;18
20110709;7;2011;9
20110730;7;2011;30
20110521;5;2011;21
20120212;2;2012;12
20110530;5;2011;30
20110618;6;2011;18
20111105;11;2011;5
20110619;6;2011;19
20111106;11;2011;6
20110712;7;2011;12
20110908;9;2011;8
20110708;7;2011;8
20110911;9;2011;11
20170310;3;2017;10
20110924;9;2011;24
20120824;8;2012;24
20120901;9;2012;1
20110904;9;2011;4
20110707;7;2011;7
20111008;10;2011;8
20120218;2;2012;18
20120422;4;2012;22
20110413;4;2011;13
20111231;12;2011;31
20111228;12;2011;28
20131116;11;2013;16
20110826;8;2011;26
20120603;6;2012;3
20120409;4;2012;9
20120505;5;2012;5
20120429;4;2012;29
20120604;6;2012;4
20120610;6;2012;10
20120415;4;2012;15
20121104;11;2012;4
20120715;7;2012;15
20120701;7;2012;1
20120910;9;2012;10
20120713;7;2012;13
20120703;7;2012;3
20110917;9;2011;17
20120902;9;2012;2
20110628;6;2011;28
20130119;1;2013;19
20120702;7;2012;2
20120920;9;2012;20
20121103;11;2012;3
20120927;9;2012;27
20121020;10;2012;20
20160829;8;2016;29
20121201;12;2012;1
20130510;5;2013;10
20130504;5;2013;4
20120929;9;2012;29
20120821;8;2012;21
20130713;7;2013;13
20130105;1;2013;5
20121230;12;2012;30
20120908;9;2012;8
20141004;10;2014;4
20120719;7;2012;19
20130831;8;2013;31
20140309;3;2014;9
20130527;5;2013;27
20130420;4;2013;20
20130615;6;2013;15
20130323;3;2013;23
20121228;12;2012;28
20130427;4;2013;27
20130126;1;2013;26
20131026;10;2013;26
20130622;6;2013;22
20130526;5;2013;26
20130908;9;2013;8
20130511;5;2013;11
20130623;6;2013;23
20140412;4;2014;12
20120527;5;2012;27
20130217;2;2013;17
20140518;5;2014;18
20120827;8;2012;27
20130720;7;2013;20
20130601;6;2013;1
20130804;8;2013;4
20130823;8;2013;23
20131103;11;2013;3
20131013;10;2013;13
20130726;7;2013;26
20130224;2;2013;24
20130721;7;2013;21
20140216;2;2014;16
20160828;8;2016;28
20140101;1;2014;1
20131214;12;2013;14
20140504;5;2014;4
20131228;12;2013;28
20131221;12;2013;21
20131205;12;2013;5
20140421;4;2014;21
20131109;11;2013;9
20130429;4;2013;29
20140426;4;2014;26
20140302;3;2014;2
20140223;2;2014;23
20140329;3;2014;29
20140209;2;2014;9
20140322;3;2014;22
20140406;4;2014;6
20140604;6;2014;4
20140507;5;2014;7
20140315;3;2014;15
20140503;5;2014;3
20140831;8;2014;31
20170420;4;2017;20
20140817;8;2014;17
20130927;9;2013;27
20150917;9;2015;17
20140526;5;2014;26
20140711;7;2014;11
20170325;3;2017;25
20140601;6;2014;1
20130706;7;2013;6
20150516;5;2015;16
20140825;8;2014;25
20140802;8;2014;2
20130930;9;2013;30
20130817;8;2013;17
20140929;9;2014;29
20140830;8;2014;30
20150912;9;2015;12
20140607;6;2014;7
20150426;4;2015;26
20140706;7;2014;6
20140824;8;2014;24
20141221;12;2014;21
20161126;11;2016;26
20131107;11;2013;7
20150101;1;2015;1
20141216;12;2014;16
20150104;1;2015;4
20150110;1;2015;10
20150214;2;2015;14
20150301;3;2015;1
20150803;8;2015;3
20151018;10;2015;18
20150215;2;2015;15
20150504;5;2015;4
20150509;5;2015;9
20151031;10;2015;31
20150420;4;2015;20
20150228;2;2015;28
20150524;5;2015;24
20150823;8;2015;23
20150621;6;2015;21
20150111;1;2015;11
20150614;6;2015;14
20151102;11;2015;2
20151207;12;2015;7
20150608;6;2015;8
20150818;8;2015;18
20151017;10;2015;17
20160206;2;2016;6
20170327;3;2017;27
20161122;11;2016;22
20160423;4;2016;23
20160514;5;2016;14
20160329;3;2016;29
20151010;10;2015;10
20151216;12;2015;16
20150118;1;2015;18
20151123;11;2015;23
20160620;6;2016;20
20150712;7;2015;12
20170413;4;2017;13
20151212;12;2015;12
20160222;2;2016;22
20160123;1;2016;23
20150630;6;2015;30
20170329;3;2017;29
20160208;2;2016;8
20160909;9;2016;9
20160827;8;2016;27
20170622;6;2017;22
20160101;1;2016;1
20151126;11;2015;26
20151201;12;2015;1
20160817;8;2016;17
20161117;11;2016;17
20160910;9;2016;10
20160319;3;2016;19
20151121;11;2015;21
20161218;12;2016;18
20170219;2;2017;19
20160821;8;2016;21
20160825;8;2016;25
20160803;8;2016;3
20160805;8;2016;5
20160720;7;2016;20
20161029;10;2016;29
20170206;2;2017;6
20160430;4;2016;30
20161207;12;2016;7
20160324;3;2016;24
20170423;4;2017;23
20161028;10;2016;28
20161219;12;2016;19
20160612;6;2016;12
20161031;10;2016;31
20161106;11;2016;6
20161112;11;2016;12
20170407;4;2017;7
20161124;11;2016;24
20160902;9;2016;2
20170703;7;2017;3
20161118;11;2016;18
20170222;2;2017;22
20160822;8;2016;22
20170223;2;2017;23
20170428;4;2017;28
20161123;11;2016;23
20170225;2;2017;25
20161204;12;2016;4
20161206;12;2016;6
20170121;1;2017;21
20170331;3;2017;31
20170217;2;2017;17
20170602;6;2017;2
20170609;6;2017;9
20170430;4;2017;30
20160806;8;2016;6
20170529;5;2017;29
20170627;6;2017;27
20170204;2;2017;4
19970124;1;1997;24
19970126;1;1997;26
20020211;2;2002;11
20011117;11;2001;17
20001027;10;2000;27
20020415;4;2002;15
20100718;7;2010;18
20100918;9;2010;18
20100719;7;2010;19
19970225;2;1997;25
19961018;10;1996;18
20170920;9;2017;20
20100330;3;2010;30
20050813;8;2005;13
20051027;10;2005;27
20131201;12;2013;1
20161107;11;2016;7
20080622;6;2008;22
20130602;6;2013;2
20060127;1;2006;27
20050816;8;2005;16
20131111;11;2013;11
20100218;2;2010;18
20061111;11;2006;11
20131108;11;2013;8
20141029;10;2014;29
20050902;9;2005;2
20051012;10;2005;12
20140818;8;2014;18
20120114;1;2012;14
20170123;1;2017;23
20131229;12;2013;29
20100222;2;2010;22
20160119;1;2016;19
20160819;8;2016;19
20110803;8;2011;3
20111104;11;2011;4
20130902;9;2013;2
20140828;8;2014;28
20170116;1;2017;16
20170227;2;2017;27
20170704;7;2017;4
20060419;4;2006;19
20101018;10;2010;18
20100603;6;2010;3
20120103;1;2012;3
20101012;10;2010;12
20110123;1;2011;23
20101011;10;2010;11
20100919;9;2010;19
19990222;2;1999;22
19960506;5;1996;6
19961129;11;1996;29
19961130;11;1996;30
19961206;12;1996;6
20030305;3;2003;5
20030515;5;2003;15
20030307;3;2003;7
20050708;7;2005;8
20050620;6;2005;20
20061208;12;2006;8
20040709;7;2004;9
20051017;10;2005;17
20020228;2;2002;28
20030326;3;2003;26
20040413;4;2004;13
20060113;1;2006;13
20010711;7;2001;11
20031229;12;2003;29
20070609;6;2007;9
20040503;5;2004;3
20001125;11;2000;25
20040726;7;2004;26
20030520;5;2003;20
20030313;3;2003;13
20031107;11;2003;7
20050107;1;2005;7
20050926;9;2005;26
20011013;10;2001;13
20010224;2;2001;24
20050516;5;2005;16
20020210;2;2002;10
20010429;4;2001;29
20030509;5;2003;9
20040217;2;2004;17
20040120;1;2004;20
20030612;6;2003;12
20050316;3;2005;16
20060117;1;2006;17
20040614;6;2004;14
20060402;4;2006;2
20060216;2;2006;16
20051102;11;2005;2
20030804;8;2003;4
20031216;12;2003;16
20050930;9;2005;30
20040129;1;2004;29
20041018;10;2004;18
20060320;3;2006;20
20050301;3;2005;1
20050222;2;2005;22
20020305;3;2002;5
20050502;5;2005;2
20060330;3;2006;30
20041116;11;2004;16
20040810;8;2004;10
20040409;4;2004;9
20040426;4;2004;26
20040830;8;2004;30
20040719;7;2004;19
20040301;3;2004;1
20051229;12;2005;29
20040817;8;2004;17
20040819;8;2004;19
20050815;8;2005;15
20030813;8;2003;13
20050220;2;2005;20
20030626;6;2003;26
20010503;5;2001;3
20051119;11;2005;19
20051116;11;2005;16
20041215;12;2004;15
20030619;6;2003;19
20060214;2;2006;14
20060103;1;2006;3
20030715;7;2003;15
20050418;4;2005;18
20011202;12;2001;2
20060215;2;2006;15
20050901;9;2005;1
20050518;5;2005;18
20041001;10;2004;1
20041103;11;2004;3
20030909;9;2003;9
20060223;2;2006;23
20030422;4;2003;22
20030409;4;2003;9
20050201;2;2005;1
20040823;8;2004;23
20050328;3;2005;28
20060528;5;2006;28
20030806;8;2003;6
20040308;3;2004;8
20050605;6;2005;5
20040419;4;2004;19
20060312;3;2006;12
20050510;5;2005;10
20060108;1;2006;8
20050928;9;2005;28
20060222;2;2006;22
20041203;12;2004;3
20050203;2;2005;3
20051117;11;2005;17
20041115;11;2004;15
20030913;9;2003;13
20050124;1;2005;24
20050817;8;2005;17
20040826;8;2004;26
20030407;4;2003;7
20030724;7;2003;24
20030328;3;2003;28
20041222;12;2004;22
20030919;9;2003;19
20030825;8;2003;25
20040323;3;2004;23
20030828;8;2003;28
20050825;8;2005;25
20030321;3;2003;21
20030723;7;2003;23
20030530;5;2003;30
20030801;8;2003;1
20031006;10;2003;6
20030502;5;2003;2
20030429;4;2003;29
20031112;11;2003;12
20040116;1;2004;16
20031210;12;2003;10
20040707;7;2004;7
20040107;1;2004;7
20040205;2;2004;5
20030929;9;2003;29
20050617;6;2005;17
20040408;4;2004;8
20041117;11;2004;17
20040715;7;2004;15
20040623;6;2004;23
20041108;11;2004;8
20041120;11;2004;20
20040729;7;2004;29
20060123;1;2006;23
20040507;5;2004;7
20040604;6;2004;4
20040630;6;2004;30
20041223;12;2004;23
20040909;9;2004;9
20050811;8;2005;11
20040504;5;2004;4
20050914;9;2005;14
20060404;4;2006;4
20040512;5;2004;12
20040518;5;2004;18
20051108;11;2005;8
20040527;5;2004;27
20041104;11;2004;4
20050706;7;2005;6
20050408;4;2005;8
20050610;6;2005;10
20060309;3;2006;9
20050225;2;2005;25
20070524;5;2007;24
20060120;1;2006;20
20060211;2;2006;11
20060411;4;2006;11
20060102;1;2006;2
20170621;6;2017;21
19960617;6;1996;17
20090423;4;2009;23
20080123;1;2008;23
20100329;3;2010;29
20090621;6;2009;21
20090119;1;2009;19
20080222;2;2008;22
20100529;5;2010;29
20080721;7;2008;21
20090413;4;2009;13
20090630;6;2009;30
20081208;12;2008;8
20080317;3;2008;17
20090908;9;2009;8
20080525;5;2008;25
20081116;11;2008;16
20080513;5;2008;13
20090817;8;2009;17
20090421;4;2009;21
20090914;9;2009;14
20090527;5;2009;27
20090609;6;2009;9
20100724;7;2010;24
20091020;10;2009;20
20100705;7;2010;5
20100731;7;2010;31
20100827;8;2010;27
20101230;12;2010;30
20021208;12;2002;8
19980114;1;1998;14
20050110;1;2005;10
20120123;1;2012;23
20070503;5;2007;3
20080301;3;2008;1
20080229;2;2008;29
20101208;12;2010;8
20070505;5;2007;5
20100701;7;2010;1
20110722;7;2011;22
20110115;1;2011;15
20090415;4;2009;15
20130808;8;2013;8
20090124;1;2009;24
20100426;4;2010;26
20081214;12;2008;14
20100116;1;2010;16
20110529;5;2011;29
20090705;7;2009;5
20070606;6;2007;6
20100428;4;2010;28
20070805;8;2007;5
20080706;7;2008;6
20080907;9;2008;7
20081004;10;2008;4
20090205;2;2009;5
20090503;5;2009;3
20090704;7;2009;4
20100627;6;2010;27
20100523;5;2010;23
20100419;4;2010;19
20120305;3;2012;5
20100909;9;2010;9
20101114;11;2010;14
20141116;11;2014;16
20120722;7;2012;22
20120726;7;2012;26
20150410;4;2015;10
20150418;4;2015;18
20131130;11;2013;30
20120416;4;2012;16
20120411;4;2012;11
20120401;4;2012;1
20120405;4;2012;5
20120501;5;2012;1
20120427;4;2012;27
20120710;7;2012;10
20111220;12;2011;20
20120420;4;2012;20
20120202;2;2012;2
20111221;12;2011;21
20180518;5;2018;18
20180405;4;2018;5
20180710;7;2018;10
20180422;4;2018;22
20180519;5;2018;19
19970518;5;1997;18
20010927;9;2001;27
20010928;9;2001;28
20010913;9;2001;13
20141105;11;2014;5
20150415;4;2015;15
20150416;4;2015;16
20150429;4;2015;29
19960805;8;1996;5
20101117;11;2010;17
20011112;11;2001;12
19961010;10;1996;10
20120424;4;2012;24
20030925;9;2003;25
20110227;2;2011;27
20151008;10;2015;8
20060228;2;2006;28
20151214;12;2015;14
20061004;10;2006;4
20180924;9;2018;24
20180812;8;2018;12
20180903;9;2018;3
20180902;9;2018;2
20180908;9;2018;8
20180817;8;2018;17
20180827;8;2018;27
20180901;9;2018;1
20180816;8;2018;16
20180923;9;2018;23
20171218;12;2017;18
20170224;2;2017;24
20170412;4;2017;12
20170226;2;2017;26
20030629;6;2003;29
20180213;2;2018;13
19970108;1;1997;8
20090919;9;2009;19
20090920;9;2009;20
20130617;6;2013;17
20091003;10;2009;3
20110402;4;2011;2
20091013;10;2009;13
20100820;8;2010;20
20140509;5;2014;9
20090926;9;2009;26
20091127;11;2009;27
20091005;10;2009;5
20091009;10;2009;9
20091121;11;2009;21
20110825;8;2011;25
20170819;8;2017;19
20171014;10;2017;14
19961226;12;1996;26
19970104;1;1997;4
19970210;2;1997;10
20020925;9;2002;25
20020702;7;2002;2
20160404;4;2016;4
19991004;10;1999;4
20120323;3;2012;23
19960624;6;1996;24
20130820;8;2013;20
20130821;8;2013;21
19961215;12;1996;15
20001107;11;2000;7
20170228;2;2017;28
20170306;3;2017;6
20170916;9;2017;16
20080824;8;2008;24
20010106;1;2001;6
20010122;1;2001;22
20010107;1;2001;7
20180815;8;2018;15
20160114;1;2016;14
20021024;10;2002;24
19970531;5;1997;31
19970701;7;1997;1
19970707;7;1997;7
20160727;7;2016;27
20160728;7;2016;28
20160809;8;2016;9
20161101;11;2016;1
20150910;9;2015;10
20151109;11;2015;9
20151204;12;2015;4
20161215;12;2016;15
19961028;10;1996;28
20180502;5;2018;2
20090529;5;2009;29
20090924;9;2009;24
19961128;11;1996;28
20070611;6;2007;11
20010119;1;2001;19
20000406;4;2000;6
20000405;4;2000;5
20090729;7;2009;29
20070808;8;2007;8
20120709;7;2012;9
20130612;6;2013;12
20130604;6;2013;4
20091002;10;2009;2
19990512;5;1999;12
20110324;3;2011;24
20000521;5;2000;21
20000903;9;2000;3
20000528;5;2000;28
20000724;7;2000;24
20000812;8;2000;12
20000604;6;2000;4
20080601;6;2008;1
20110607;6;2011;7
20110609;6;2011;9
20180625;6;2018;25
20000315;3;2000;15
19970215;2;1997;15
20091117;11;2009;17
20091209;12;2009;9
20100226;2;2010;26
20091211;12;2009;11
20100217;2;2010;17
20100129;1;2010;29
20100204;2;2010;4
20110216;2;2011;16
20091216;12;2009;16
20091214;12;2009;14
20100122;1;2010;22
20100127;1;2010;27
20001003;10;2000;3
19960714;7;1996;14
20050512;5;2005;12
20060130;1;2006;30
19991001;10;1999;1
19991002;10;1999;2
20180831;8;2018;31
20180830;8;2018;30
19991104;11;1999;4
19991105;11;1999;5
20180221;2;2018;21
20170630;6;2017;30
20170628;6;2017;28
20170804;8;2017;4
20180219;2;2018;19
20170706;7;2017;6
20170629;6;2017;29
20170815;8;2017;15
20170713;7;2017;13
20180122;1;2018;22
20170705;7;2017;5
20171021;10;2017;21
20180210;2;2018;10
20090323;3;2009;23
20090324;3;2009;24
20150907;9;2015;7
20000709;7;2000;9
20000331;3;2000;31
20000324;3;2000;24
20010911;9;2001;11
20011006;10;2001;6
20100621;6;2010;21
20100622;6;2010;22
20070213;2;2007;13
20070212;2;2007;12
20070613;6;2007;13
20070309;3;2007;9
20080426;4;2008;26
20070219;2;2007;19
20070325;3;2007;25
20070530;5;2007;30
20070608;6;2007;8
20090121;1;2009;21
20070324;3;2007;24
20071002;10;2007;2
20130513;5;2013;13
20071218;12;2007;18
20071216;12;2007;16
20070612;6;2007;12
20080131;1;2008;31
20070510;5;2007;10
20091116;11;2009;16
20091128;11;2009;28
20070614;6;2007;14
20080502;5;2008;2
20070707;7;2007;7
20070502;5;2007;2
20070405;4;2007;5
20090330;3;2009;30
20101209;12;2010;9
20070423;4;2007;23
20070619;6;2007;19
20090929;9;2009;29
20070316;3;2007;16
20070522;5;2007;22
20080311;3;2008;11
20100520;5;2010;20
20081120;11;2008;20
20000708;7;2000;8
20060509;5;2006;9
20050527;5;2005;27
20060513;5;2006;13
20060510;5;2006;10
20060511;5;2006;11
20161119;11;2016;19
20170528;5;2017;28
